UserID,Timestamp,Punch,Status
55,2025-10-01 08:38:52,0,IN
19,2025-10-01 08:42:11,0,IN
28,2025-10-01 08:58:49,0,IN
44,2025-10-01 08:59:21,0,IN
21,2025-10-01 09:00:23,0,IN
11,2025-10-01 09:02:00,0,IN
4,2025-10-01 09:04:24,0,IN
18,2025-10-01 09:04:33,0,IN
23,2025-10-01 09:04:51,0,IN
26,2025-10-01 09:04:59,0,IN
24,2025-10-01 09:05:13,0,IN
8,2025-10-01 09:05:24,0,IN
32,2025-10-01 09:06:06,0,IN
17,2025-10-01 09:06:14,0,IN
1,2025-10-01 09:06:33,0,IN
20,2025-10-01 09:13:49,0,IN
9,2025-10-01 09:17:46,0,IN
10,2025-10-01 09:33:51,0,IN
7,2025-10-01 09:36:33,0,IN
2,2025-10-01 09:46:52,0,IN
25,2025-10-01 10:23:33,0,IN
12,2025-10-01 10:27:44,0,IN
26,2025-10-01 17:31:28,0,IN
26,2025-10-01 17:31:31,0,IN
44,2025-10-01 17:33:04,0,IN
32,2025-10-01 18:04:26,0,IN
1,2025-10-01 19:41:08,0,IN
20,2025-10-01 19:41:38,0,IN
24,2025-10-01 19:43:08,0,IN
19,2025-10-01 19:55:55,0,IN
7,2025-10-01 19:58:37,0,IN
55,2025-10-01 20:03:15,0,IN
15,2025-10-01 20:08:45,0,IN
11,2025-10-01 21:00:29,0,IN
2,2025-10-01 21:01:28,0,IN
10,2025-10-01 21:04:35,0,IN
4,2025-10-01 21:07:07,0,IN
9,2025-10-01 21:09:49,0,IN
8,2025-10-01 21:19:20,0,IN
17,2025-10-01 22:57:13,0,IN
28,2025-10-02 06:01:22,0,IN
19,2025-10-02 08:01:39,0,IN
19,2025-10-02 08:01:42,0,IN
7,2025-10-02 08:32:01,0,IN
12,2025-10-02 08:32:43,0,IN
32,2025-10-03 07:59:10,0,IN
2,2025-10-03 07:59:41,0,IN
17,2025-10-03 08:02:00,0,IN
12,2025-10-03 08:26:21,0,IN
55,2025-10-03 08:32:25,0,IN
21,2025-10-03 08:58:11,0,IN
18,2025-10-03 08:58:56,0,IN
23,2025-10-03 08:59:03,0,IN
44,2025-10-03 08:59:16,0,IN
28,2025-10-03 08:59:23,0,IN
24,2025-10-03 08:59:49,0,IN
20,2025-10-03 08:59:54,0,IN
11,2025-10-03 09:00:06,0,IN
10,2025-10-03 09:00:23,0,IN
4,2025-10-03 09:02:35,0,IN
25,2025-10-03 09:02:54,0,IN
9,2025-10-03 09:03:00,0,IN
8,2025-10-03 09:05:14,0,IN
1,2025-10-03 09:17:27,0,IN
7,2025-10-03 15:51:06,0,IN
4,2025-10-03 17:13:15,0,IN
32,2025-10-03 18:06:15,0,IN
55,2025-10-03 18:17:41,0,IN
24,2025-10-03 18:25:49,0,IN
55,2025-10-03 18:30:36,0,IN
20,2025-10-03 19:43:58,0,IN
25,2025-10-03 19:44:16,0,IN
21,2025-10-03 20:01:16,0,IN
1,2025-10-03 20:06:07,0,IN
55,2025-10-03 20:10:42,0,IN
23,2025-10-03 20:14:11,0,IN
19,2025-10-03 20:32:02,0,IN
9,2025-10-03 20:48:41,0,IN
28,2025-10-03 21:03:21,0,IN
10,2025-10-03 21:05:35,0,IN
44,2025-10-03 21:10:26,0,IN
8,2025-10-03 21:33:33,0,IN
11,2025-10-03 21:38:44,0,IN
17,2025-10-03 21:41:05,0,IN
12,2025-10-04 00:06:32,0,IN
19,2025-10-04 08:31:02,0,IN
55,2025-10-04 08:31:14,0,IN
12,2025-10-04 08:32:42,0,IN
24,2025-10-04 08:51:52,0,IN
18,2025-10-04 08:54:18,0,IN
44,2025-10-04 08:57:09,0,IN
26,2025-10-04 08:59:01,0,IN
23,2025-10-04 08:59:12,0,IN
17,2025-10-04 09:01:31,0,IN
28,2025-10-04 09:01:37,0,IN
20,2025-10-04 09:01:48,0,IN
4,2025-10-04 09:01:56,0,IN
10,2025-10-04 09:02:09,0,IN
1,2025-10-04 09:07:25,0,IN
8,2025-10-04 09:09:55,0,IN
2,2025-10-04 09:11:44,0,IN
15,2025-10-04 09:27:58,0,IN
25,2025-10-04 09:28:09,0,IN
11,2025-10-04 09:28:28,0,IN
7,2025-10-04 09:36:54,0,IN
32,2025-10-04 09:42:36,0,IN
21,2025-10-04 10:02:41,0,IN
4,2025-10-04 17:36:33,0,IN
26,2025-10-04 17:38:34,0,IN
32,2025-10-04 18:45:46,0,IN
28,2025-10-04 19:01:55,0,IN
11,2025-10-04 19:31:03,0,IN
1,2025-10-04 19:41:05,0,IN
24,2025-10-04 19:53:51,0,IN
7,2025-10-04 19:55:48,0,IN
19,2025-10-04 20:00:23,0,IN
55,2025-10-04 20:01:52,0,IN
18,2025-10-04 20:04:01,0,IN
23,2025-10-04 20:04:07,0,IN
20,2025-10-04 20:26:04,0,IN
15,2025-10-04 20:35:53,0,IN
10,2025-10-04 21:02:22,0,IN
44,2025-10-04 21:04:34,0,IN
8,2025-10-04 21:30:05,0,IN
17,2025-10-04 21:39:49,0,IN
9,2025-10-04 21:54:35,0,IN
25,2025-10-04 22:56:16,0,IN
21,2025-10-05 01:00:25,0,IN
2,2025-10-05 05:08:03,0,IN
55,2025-10-05 08:33:30,0,IN
19,2025-10-05 08:43:33,0,IN
28,2025-10-05 09:00:06,0,IN
17,2025-10-05 09:02:19,0,IN
10,2025-10-05 09:04:52,0,IN
32,2025-10-05 10:11:54,0,IN
8,2025-10-05 10:57:38,0,IN
12,2025-10-05 11:26:25,0,IN
8,2025-10-05 17:03:22,0,IN
55,2025-10-05 17:03:36,0,IN
7,2025-10-05 17:30:14,0,IN
28,2025-10-05 17:30:21,0,IN
28,2025-10-05 17:30:24,0,IN
32,2025-10-05 17:30:46,0,IN
12,2025-10-05 17:31:06,0,IN
10,2025-10-05 17:31:12,0,IN
17,2025-10-05 17:31:18,0,IN
55,2025-10-06 08:45:27,0,IN
11,2025-10-06 09:00:30,0,IN
18,2025-10-06 09:00:33,0,IN
26,2025-10-06 09:00:54,0,IN
23,2025-10-06 09:01:07,0,IN
10,2025-10-06 09:01:17,0,IN
2,2025-10-06 09:01:31,0,IN
17,2025-10-06 09:01:38,0,IN
44,2025-10-06 09:01:56,0,IN
20,2025-10-06 09:02:09,0,IN
28,2025-10-06 09:02:59,0,IN
4,2025-10-06 09:04:39,0,IN
24,2025-10-06 09:05:30,0,IN
9,2025-10-06 09:05:53,0,IN
8,2025-10-06 09:07:16,0,IN
1,2025-10-06 09:13:48,0,IN
32,2025-10-06 09:26:57,0,IN
15,2025-10-06 09:29:02,0,IN
21,2025-10-06 12:04:12,0,IN
17,2025-10-06 19:05:22,0,IN
24,2025-10-06 19:22:58,0,IN
32,2025-10-06 19:24:48,0,IN
20,2025-10-06 19:30:47,0,IN
1,2025-10-06 19:32:26,0,IN
7,2025-10-06 19:51:55,0,IN
19,2025-10-06 20:01:39,0,IN
55,2025-10-06 20:02:01,0,IN
4,2025-10-06 20:05:19,0,IN
15,2025-10-06 20:10:15,0,IN
18,2025-10-06 20:32:40,0,IN
26,2025-10-06 20:33:13,0,IN
26,2025-10-06 20:33:16,0,IN
23,2025-10-06 20:34:45,0,IN
9,2025-10-06 20:56:06,0,IN
8,2025-10-06 21:02:37,0,IN
28,2025-10-06 21:04:44,0,IN
2,2025-10-06 21:05:46,0,IN
11,2025-10-06 21:06:36,0,IN
44,2025-10-06 21:07:41,0,IN
12,2025-10-07 00:10:58,0,IN
10,2025-10-07 00:29:24,0,IN
55,2025-10-07 08:31:43,0,IN
21,2025-10-07 08:54:31,0,IN
18,2025-10-07 08:55:23,0,IN
26,2025-10-07 09:00:30,0,IN
23,2025-10-07 09:00:38,0,IN
28,2025-10-07 09:03:05,0,IN
44,2025-10-07 09:04:05,0,IN
17,2025-10-07 09:04:41,0,IN
10,2025-10-07 09:04:49,0,IN
4,2025-10-07 09:05:10,0,IN
7,2025-10-07 09:05:17,0,IN
2,2025-10-07 09:05:25,0,IN
25,2025-10-07 09:05:52,0,IN
20,2025-10-07 09:06:04,0,IN
1,2025-10-07 09:08:26,0,IN
12,2025-10-07 09:11:12,0,IN
24,2025-10-07 09:12:12,0,IN
8,2025-10-07 09:14:36,0,IN
32,2025-10-07 09:16:54,0,IN
15,2025-10-07 09:33:47,0,IN
9,2025-10-07 09:57:53,0,IN
55,2025-10-07 19:34:07,0,IN
32,2025-10-07 19:34:16,0,IN
24,2025-10-07 19:36:28,0,IN
20,2025-10-07 19:36:46,0,IN
1,2025-10-07 19:48:24,0,IN
7,2025-10-07 19:55:21,0,IN
19,2025-10-07 20:00:07,0,IN
15,2025-10-07 20:25:08,0,IN
18,2025-10-07 20:31:51,0,IN
26,2025-10-07 20:32:29,0,IN
23,2025-10-07 20:32:43,0,IN
23,2025-10-07 20:32:51,0,IN
44,2025-10-07 21:03:05,0,IN
28,2025-10-07 21:03:24,0,IN
4,2025-10-07 21:03:30,0,IN
8,2025-10-07 21:04:54,0,IN
25,2025-10-07 21:05:41,0,IN
2,2025-10-07 21:34:11,0,IN
17,2025-10-07 21:36:03,0,IN
12,2025-10-07 21:53:48,0,IN
11,2025-10-08 00:30:12,0,IN
21,2025-10-08 00:30:19,0,IN
9,2025-10-08 00:35:50,0,IN
10,2025-10-08 01:27:36,0,IN
7,2025-10-08 08:21:18,0,IN
55,2025-10-08 08:31:10,0,IN
21,2025-10-08 08:32:05,0,IN
19,2025-10-08 08:32:50,0,IN
12,2025-10-08 08:53:34,0,IN
44,2025-10-08 08:59:29,0,IN
18,2025-10-08 08:59:43,0,IN
26,2025-10-08 08:59:51,0,IN
17,2025-10-08 08:59:58,0,IN
23,2025-10-08 09:00:05,0,IN
28,2025-10-08 09:02:48,0,IN
2,2025-10-08 09:03:08,0,IN
20,2025-10-08 09:03:15,0,IN
10,2025-10-08 09:05:26,0,IN
9,2025-10-08 09:06:48,0,IN
24,2025-10-08 09:06:59,0,IN
4,2025-10-08 09:08:29,0,IN
8,2025-10-08 09:11:40,0,IN
1,2025-10-08 09:13:40,0,IN
25,2025-10-08 09:16:22,0,IN
15,2025-10-08 09:43:41,0,IN
11,2025-10-08 11:33:49,0,IN
24,2025-10-08 19:04:43,0,IN
1,2025-10-08 19:31:49,0,IN
20,2025-10-08 19:42:48,0,IN
19,2025-10-08 19:57:57,0,IN
7,2025-10-08 19:58:07,0,IN
55,2025-10-08 20:02:38,0,IN
15,2025-10-08 20:15:02,0,IN
18,2025-10-08 20:30:56,0,IN
23,2025-10-08 20:31:21,0,IN
26,2025-10-08 20:31:40,0,IN
25,2025-10-08 21:00:27,0,IN
8,2025-10-08 21:00:37,0,IN
2,2025-10-08 21:02:26,0,IN
10,2025-10-08 21:02:36,0,IN
28,2025-10-08 21:03:21,0,IN
4,2025-10-08 21:06:05,0,IN
44,2025-10-08 21:06:28,0,IN
11,2025-10-08 21:08:44,0,IN
17,2025-10-08 22:24:11,0,IN
11,2025-10-09 00:30:57,0,IN
9,2025-10-09 01:35:55,0,IN
21,2025-10-09 06:06:44,0,IN
7,2025-10-09 08:16:18,0,IN
19,2025-10-09 08:25:21,0,IN
55,2025-10-09 08:32:06,0,IN
10,2025-10-09 08:57:41,0,IN
17,2025-10-09 09:00:12,0,IN
18,2025-10-09 09:01:59,0,IN
23,2025-10-09 09:02:10,0,IN
20,2025-10-09 09:02:17,0,IN
2,2025-10-09 09:02:25,0,IN
44,2025-10-09 09:02:35,0,IN
26,2025-10-09 09:04:40,0,IN
4,2025-10-09 09:04:54,0,IN
25,2025-10-09 09:06:02,0,IN
8,2025-10-09 09:06:17,0,IN
1,2025-10-09 09:09:48,0,IN
9,2025-10-09 09:16:19,0,IN
28,2025-10-09 09:21:44,0,IN
15,2025-10-09 09:26:00,0,IN
21,2025-10-09 09:54:46,0,IN
32,2025-10-09 10:20:38,0,IN
2,2025-10-09 15:10:05,0,IN
32,2025-10-09 19:00:37,0,IN
1,2025-10-09 19:31:37,0,IN
21,2025-10-09 19:40:06,0,IN
20,2025-10-09 19:40:34,0,IN
7,2025-10-09 19:58:56,0,IN
19,2025-10-09 19:59:50,0,IN
55,2025-10-09 20:01:23,0,IN
44,2025-10-09 20:02:34,0,IN
15,2025-10-09 20:07:04,0,IN
26,2025-10-09 21:02:56,0,IN
28,2025-10-09 21:03:02,0,IN
28,2025-10-09 21:04:39,0,IN
4,2025-10-09 21:05:46,0,IN
23,2025-10-09 21:07:43,0,IN
8,2025-10-09 21:08:20,0,IN
25,2025-10-09 21:12:59,0,IN
18,2025-10-10 01:01:41,0,IN
9,2025-10-10 01:03:53,0,IN
10,2025-10-10 01:09:02,0,IN
28,2025-10-10 01:09:16,0,IN
7,2025-10-10 08:19:10,0,IN
55,2025-10-10 08:39:57,0,IN
19,2025-10-10 08:40:33,0,IN
2,2025-10-10 08:58:43,0,IN
21,2025-10-10 08:58:51,0,IN
17,2025-10-10 08:58:57,0,IN
26,2025-10-10 08:59:04,0,IN
44,2025-10-10 08:59:16,0,IN
28,2025-10-10 09:02:04,0,IN
1,2025-10-10 09:05:02,0,IN
10,2025-10-10 09:05:09,0,IN
25,2025-10-10 09:05:37,0,IN
20,2025-10-10 09:05:46,0,IN
4,2025-10-10 09:05:58,0,IN
8,2025-10-10 09:06:32,0,IN
12,2025-10-10 09:22:53,0,IN
15,2025-10-10 09:31:42,0,IN
18,2025-10-10 10:02:12,0,IN
23,2025-10-10 10:02:21,0,IN
32,2025-10-10 10:11:49,0,IN
9,2025-10-10 10:31:19,0,IN
44,2025-10-10 17:34:11,0,IN
26,2025-10-10 17:34:46,0,IN
18,2025-10-10 18:35:25,0,IN
23,2025-10-10 18:35:36,0,IN
32,2025-10-10 18:37:46,0,IN
1,2025-10-10 18:57:24,0,IN
55,2025-10-10 18:59:51,0,IN
20,2025-10-10 19:29:05,0,IN
7,2025-10-10 19:56:01,0,IN
15,2025-10-10 20:00:38,0,IN
8,2025-10-10 20:10:24,0,IN
17,2025-10-10 20:10:33,0,IN
19,2025-10-10 20:34:40,0,IN
28,2025-10-10 21:02:00,0,IN
2,2025-10-10 21:03:01,0,IN
4,2025-10-10 21:03:34,0,IN
10,2025-10-11 02:04:40,0,IN
21,2025-10-11 02:32:31,0,IN
55,2025-10-11 08:30:45,0,IN
7,2025-10-11 08:37:56,0,IN
44,2025-10-11 09:00:02,0,IN
17,2025-10-11 09:02:26,0,IN
28,2025-10-11 09:03:07,0,IN
18,2025-10-11 09:05:06,0,IN
21,2025-10-11 09:05:14,0,IN
23,2025-10-11 09:05:30,0,IN
26,2025-10-11 09:05:39,0,IN
10,2025-10-11 09:05:55,0,IN
1,2025-10-11 09:07:17,0,IN
8,2025-10-11 09:13:29,0,IN
2,2025-10-11 09:16:23,0,IN
2,2025-10-11 09:16:27,0,IN
25,2025-10-11 09:28:34,0,IN
4,2025-10-11 09:32:42,0,IN
15,2025-10-11 09:51:31,0,IN
32,2025-10-11 10:36:03,0,IN
12,2025-10-11 15:01:26,0,IN
26,2025-10-11 17:34:12,0,IN
32,2025-10-11 18:29:37,0,IN
20,2025-10-11 18:53:11,0,IN
1,2025-10-11 19:37:17,0,IN
9,2025-10-11 19:44:26,0,IN
19,2025-10-11 19:57:53,0,IN
55,2025-10-11 20:03:38,0,IN
18,2025-10-11 20:05:10,0,IN
7,2025-10-11 20:05:17,0,IN
23,2025-10-11 20:05:34,0,IN
15,2025-10-11 20:19:52,0,IN
4,2025-10-11 20:32:10,0,IN
21,2025-10-11 21:02:05,0,IN
28,2025-10-11 21:03:14,0,IN
44,2025-10-11 21:03:24,0,IN
10,2025-10-11 21:06:40,0,IN
8,2025-10-11 21:06:54,0,IN
17,2025-10-11 21:47:09,0,IN
2,2025-10-11 22:07:33,0,IN
25,2025-10-11 22:35:15,0,IN
55,2025-10-12 08:31:29,0,IN
19,2025-10-12 08:33:42,0,IN
44,2025-10-12 08:59:55,0,IN
10,2025-10-12 09:01:30,0,IN
18,2025-10-12 09:01:34,0,IN
23,2025-10-12 09:01:41,0,IN
28,2025-10-12 09:02:13,0,IN
21,2025-10-12 09:06:05,0,IN
17,2025-10-12 09:09:48,0,IN
2,2025-10-12 09:10:30,0,IN
4,2025-10-12 09:31:46,0,IN
12,2025-10-12 09:34:20,0,IN
7,2025-10-12 10:16:12,0,IN
15,2025-10-12 10:21:57,0,IN
8,2025-10-12 10:51:58,0,IN
15,2025-10-12 14:53:14,0,IN
21,2025-10-12 15:08:07,0,IN
8,2025-10-12 15:28:13,0,IN
18,2025-10-12 16:30:16,0,IN
2,2025-10-12 16:30:35,0,IN
23,2025-10-12 16:30:44,0,IN
44,2025-10-12 17:02:13,0,IN
55,2025-10-12 17:03:44,0,IN
4,2025-10-12 17:03:58,0,IN
10,2025-10-12 17:27:37,0,IN
28,2025-10-12 17:28:05,0,IN
12,2025-10-12 17:28:13,0,IN
17,2025-10-12 17:28:22,0,IN
7,2025-10-12 21:30:57,0,IN
12,2025-10-13 08:31:23,0,IN
55,2025-10-13 08:32:19,0,IN
26,2025-10-13 08:47:17,0,IN
44,2025-10-13 08:57:35,0,IN
10,2025-10-13 09:01:05,0,IN
2,2025-10-13 09:01:19,0,IN
17,2025-10-13 09:01:26,0,IN
9,2025-10-13 09:02:41,0,IN
4,2025-10-13 09:03:34,0,IN
23,2025-10-13 09:03:52,0,IN
18,2025-10-13 09:04:01,0,IN
20,2025-10-13 09:04:29,0,IN
8,2025-10-13 09:07:46,0,IN
1,2025-10-13 09:18:00,0,IN
25,2025-10-13 09:27:05,0,IN
15,2025-10-13 09:32:07,0,IN
7,2025-10-13 09:37:55,0,IN
32,2025-10-13 10:05:39,0,IN
32,2025-10-13 18:00:06,0,IN
26,2025-10-13 19:00:52,0,IN
2,2025-10-13 19:07:36,0,IN
18,2025-10-13 19:32:37,0,IN
26,2025-10-13 19:32:56,0,IN
23,2025-10-13 19:33:35,0,IN
1,2025-10-13 19:57:47,0,IN
7,2025-10-13 19:58:24,0,IN
19,2025-10-13 20:00:20,0,IN
19,2025-10-13 20:00:23,0,IN
20,2025-10-13 20:01:51,0,IN
9,2025-10-13 20:06:30,0,IN
25,2025-10-13 20:06:40,0,IN
15,2025-10-13 20:13:45,0,IN
10,2025-10-13 21:04:02,0,IN
4,2025-10-13 21:07:04,0,IN
44,2025-10-13 21:07:13,0,IN
8,2025-10-13 21:10:56,0,IN
17,2025-10-14 01:00:31,0,IN
55,2025-10-14 03:07:30,0,IN
7,2025-10-14 08:35:59,0,IN
55,2025-10-14 08:41:11,0,IN
17,2025-10-14 08:57:40,0,IN
10,2025-10-14 08:58:12,0,IN
28,2025-10-14 08:59:08,0,IN
44,2025-10-14 09:00:10,0,IN
26,2025-10-14 09:02:04,0,IN
18,2025-10-14 09:02:10,0,IN
23,2025-10-14 09:02:20,0,IN
23,2025-10-14 09:02:23,0,IN
4,2025-10-14 09:03:57,0,IN
2,2025-10-14 09:04:24,0,IN
25,2025-10-14 09:05:49,0,IN
9,2025-10-14 09:07:51,0,IN
11,2025-10-14 09:29:58,0,IN
15,2025-10-14 09:34:22,0,IN
1,2025-10-14 09:34:50,0,IN
20,2025-10-14 09:40:23,0,IN
6,2025-10-14 09:46:21,0,IN
12,2025-10-14 12:12:28,0,IN
21,2025-10-14 15:11:41,0,IN
8,2025-10-14 15:16:28,0,IN
6,2025-10-14 17:53:13,0,IN
55,2025-10-14 19:34:33,0,IN
26,2025-10-14 19:35:16,0,IN
18,2025-10-14 19:35:23,0,IN
20,2025-10-14 19:43:02,0,IN
1,2025-10-14 19:45:24,0,IN
7,2025-10-14 19:54:40,0,IN
19,2025-10-14 19:58:02,0,IN
19,2025-10-14 19:58:05,0,IN
15,2025-10-14 20:12:59,0,IN
11,2025-10-14 20:34:27,0,IN
23,2025-10-14 20:34:53,0,IN
8,2025-10-14 21:03:36,0,IN
28,2025-10-14 21:03:47,0,IN
9,2025-10-14 21:03:57,0,IN
4,2025-10-14 21:05:09,0,IN
44,2025-10-14 21:06:38,0,IN
17,2025-10-14 21:09:52,0,IN
2,2025-10-14 21:25:48,0,IN
21,2025-10-14 22:51:03,0,IN
10,2025-10-15 01:32:10,0,IN
19,2025-10-15 08:29:51,0,IN
55,2025-10-15 08:30:31,0,IN
6,2025-10-15 08:53:15,0,IN
10,2025-10-15 08:59:37,0,IN
18,2025-10-15 09:00:22,0,IN
23,2025-10-15 09:00:32,0,IN
26,2025-10-15 09:00:40,0,IN
7,2025-10-15 09:00:49,0,IN
44,2025-10-15 09:01:28,0,IN
2,2025-10-15 09:02:09,0,IN
28,2025-10-15 09:02:16,0,IN
4,2025-10-15 09:03:17,0,IN
25,2025-10-15 09:05:51,0,IN
17,2025-10-15 09:06:26,0,IN
21,2025-10-15 09:07:31,0,IN
8,2025-10-15 09:14:27,0,IN
9,2025-10-15 09:15:24,0,IN
1,2025-10-15 09:17:17,0,IN
11,2025-10-15 09:28:18,0,IN
32,2025-10-15 09:35:16,0,IN
15,2025-10-15 09:40:07,0,IN
15,2025-10-15 17:11:18,0,IN
32,2025-10-15 19:31:46,0,IN
1,2025-10-15 19:32:03,0,IN
7,2025-10-15 19:55:34,0,IN
55,2025-10-15 20:02:46,0,IN
25,2025-10-15 20:05:08,0,IN
19,2025-10-15 20:26:58,0,IN
9,2025-10-15 20:28:35,0,IN
18,2025-10-15 20:31:13,0,IN
23,2025-10-15 20:31:38,0,IN
26,2025-10-15 20:31:45,0,IN
11,2025-10-15 20:31:52,0,IN
8,2025-10-15 20:59:55,0,IN
6,2025-10-15 21:02:30,0,IN
44,2025-10-15 21:03:17,0,IN
28,2025-10-15 21:04:16,0,IN
4,2025-10-15 21:04:23,0,IN
2,2025-10-15 21:14:26,0,IN
17,2025-10-15 21:15:22,0,IN
10,2025-10-15 21:58:37,0,IN
12,2025-10-15 22:01:08,0,IN
19,2025-10-16 08:29:56,0,IN
55,2025-10-16 08:32:16,0,IN
7,2025-10-16 08:36:39,0,IN
6,2025-10-16 08:53:05,0,IN
18,2025-10-16 08:58:57,0,IN
10,2025-10-16 08:59:03,0,IN
17,2025-10-16 09:00:24,0,IN
23,2025-10-16 09:00:37,0,IN
44,2025-10-16 09:00:46,0,IN
26,2025-10-16 09:01:05,0,IN
28,2025-10-16 09:01:12,0,IN
11,2025-10-16 09:01:48,0,IN
4,2025-10-16 09:03:22,0,IN
9,2025-10-16 09:03:44,0,IN
8,2025-10-16 09:07:42,0,IN
25,2025-10-16 09:11:29,0,IN
1,2025-10-16 09:13:07,0,IN
32,2025-10-16 09:37:03,0,IN
21,2025-10-16 09:44:25,0,IN
2,2025-10-16 09:54:34,0,IN
15,2025-10-16 10:00:26,0,IN
25,2025-10-16 16:22:14,0,IN
32,2025-10-16 17:29:19,0,IN
11,2025-10-16 17:47:49,0,IN
26,2025-10-16 18:04:47,0,IN
1,2025-10-16 19:34:30,0,IN
7,2025-10-16 19:54:31,0,IN
55,2025-10-16 20:02:20,0,IN
15,2025-10-16 20:04:51,0,IN
18,2025-10-16 20:07:27,0,IN
23,2025-10-16 20:07:56,0,IN
9,2025-10-16 20:16:11,0,IN
19,2025-10-16 20:30:06,0,IN
2,2025-10-16 21:01:57,0,IN
28,2025-10-16 21:02:55,0,IN
8,2025-10-16 21:03:33,0,IN
4,2025-10-16 21:04:23,0,IN
6,2025-10-16 21:06:31,0,IN
44,2025-10-16 21:07:13,0,IN
17,2025-10-16 21:30:42,0,IN
21,2025-10-17 00:30:42,0,IN
10,2025-10-17 01:02:56,0,IN
19,2025-10-17 08:38:26,0,IN
6,2025-10-17 08:52:31,0,IN
10,2025-10-17 08:58:44,0,IN
18,2025-10-17 08:59:36,0,IN
26,2025-10-17 08:59:44,0,IN
23,2025-10-17 08:59:54,0,IN
11,2025-10-17 09:00:08,0,IN
17,2025-10-17 09:01:00,0,IN
28,2025-10-17 09:02:44,0,IN
4,2025-10-17 09:05:05,0,IN
21,2025-10-17 09:05:11,0,IN
9,2025-10-17 09:05:43,0,IN
2,2025-10-17 09:06:00,0,IN
32,2025-10-17 09:06:06,0,IN
1,2025-10-17 09:10:17,0,IN
8,2025-10-17 09:13:25,0,IN
29,2025-10-17 09:35:46,0,IN
29,2025-10-17 09:35:50,0,IN
25,2025-10-17 09:36:04,0,IN
9999,2025-10-17 09:36:14,0,IN
7,2025-10-17 09:36:29,0,IN
30,2025-10-17 09:38:45,0,IN
30,2025-10-17 09:38:48,0,IN
15,2025-10-17 09:41:39,0,IN
44,2025-10-17 10:15:01,0,IN
1,2025-10-17 16:32:55,0,IN
32,2025-10-17 17:59:36,0,IN
30,2025-10-17 19:34:38,0,IN
30,2025-10-17 19:34:43,0,IN
17,2025-10-17 19:39:29,0,IN
25,2025-10-17 19:49:57,0,IN
7,2025-10-17 19:57:15,0,IN
9,2025-10-17 20:00:05,0,IN
15,2025-10-17 20:10:54,0,IN
19,2025-10-17 20:30:03,0,IN
29,2025-10-17 20:32:19,0,IN
26,2025-10-17 20:32:56,0,IN
18,2025-10-17 20:33:15,0,IN
23,2025-10-17 20:33:36,0,IN
11,2025-10-17 21:02:12,0,IN
2,2025-10-17 21:03:25,0,IN
44,2025-10-17 21:03:33,0,IN
4,2025-10-17 21:04:45,0,IN
6,2025-10-17 21:04:55,0,IN
10,2025-10-17 21:06:54,0,IN
8,2025-10-17 21:09:02,0,IN
21,2025-10-17 21:50:02,0,IN
19,2025-10-18 07:00:06,0,IN
55,2025-10-18 08:23:38,0,IN
6,2025-10-18 08:58:14,0,IN
18,2025-10-18 08:59:23,0,IN
23,2025-10-18 08:59:31,0,IN
26,2025-10-18 08:59:40,0,IN
30,2025-10-18 09:00:01,0,IN
44,2025-10-18 09:02:16,0,IN
17,2025-10-18 09:02:22,0,IN
10,2025-10-18 09:02:34,0,IN
21,2025-10-18 09:02:41,0,IN
11,2025-10-18 09:03:08,0,IN
4,2025-10-18 09:06:47,0,IN
2,2025-10-18 09:07:03,0,IN
9,2025-10-18 09:09:00,0,IN
25,2025-10-18 09:09:09,0,IN
1,2025-10-18 09:10:08,0,IN
32,2025-10-18 09:18:45,0,IN
8,2025-10-18 09:21:09,0,IN
7,2025-10-18 13:35:22,0,IN
26,2025-10-18 15:46:20,0,IN
28,2025-10-18 17:47:08,0,IN
30,2025-10-18 18:20:59,0,IN
32,2025-10-18 18:23:12,0,IN
2,2025-10-18 19:15:17,0,IN
18,2025-10-18 19:48:30,0,IN
23,2025-10-18 19:48:34,0,IN
30,2025-10-18 19:48:51,0,IN
8,2025-10-18 19:55:29,0,IN
1,2025-10-18 19:56:29,0,IN
10,2025-10-18 19:58:03,0,IN
28,2025-10-18 19:58:15,0,IN
55,2025-10-18 20:00:07,0,IN
11,2025-10-18 20:01:58,0,IN
4,2025-10-18 20:02:08,0,IN
7,2025-10-18 20:32:05,0,IN
19,2025-10-18 20:32:22,0,IN
21,2025-10-18 20:34:43,0,IN
21,2025-10-18 20:34:47,0,IN
6,2025-10-18 21:00:38,0,IN
17,2025-10-18 21:03:37,0,IN
44,2025-10-18 21:03:56,0,IN
21,2025-10-19 07:06:32,0,IN
55,2025-10-19 08:31:16,0,IN
6,2025-10-19 08:56:04,0,IN
28,2025-10-19 08:57:01,0,IN
17,2025-10-19 08:58:01,0,IN
11,2025-10-19 08:58:45,0,IN
10,2025-10-19 09:00:04,0,IN
44,2025-10-19 09:00:33,0,IN
18,2025-10-19 09:02:17,0,IN
23,2025-10-19 09:02:24,0,IN
4,2025-10-19 09:06:01,0,IN
1,2025-10-19 09:15:56,0,IN
9,2025-10-19 09:20:06,0,IN
32,2025-10-19 09:55:45,0,IN
15,2025-10-19 09:56:09,0,IN
25,2025-10-19 09:57:59,0,IN
19,2025-10-19 13:02:16,0,IN
4,2025-10-19 13:08:51,0,IN
21,2025-10-19 15:27:55,0,IN
32,2025-10-19 16:26:03,0,IN
7,2025-10-19 17:00:02,0,IN
55,2025-10-19 17:03:29,0,IN
1,2025-10-19 17:04:04,0,IN
28,2025-10-19 17:04:19,0,IN
25,2025-10-19 17:04:39,0,IN
6,2025-10-19 17:06:11,0,IN
17,2025-10-19 17:06:20,0,IN
44,2025-10-19 17:06:31,0,IN
9,2025-10-19 17:07:46,0,IN
11,2025-10-19 17:11:51,0,IN
44,2025-10-22 07:17:38,0,IN
10,2025-10-23 08:51:37,0,IN
6,2025-10-23 08:51:42,0,IN
55,2025-10-23 08:51:58,0,IN
28,2025-10-23 09:00:01,0,IN
17,2025-10-23 09:01:29,0,IN
18,2025-10-23 09:04:40,0,IN
23,2025-10-23 09:04:48,0,IN
23,2025-10-23 09:04:52,0,IN
32,2025-10-23 09:11:38,0,IN
24,2025-10-23 09:15:32,0,IN
1,2025-10-23 09:23:19,0,IN
15,2025-10-23 09:35:53,0,IN
18,2025-10-23 16:03:07,0,IN
23,2025-10-23 16:04:38,0,IN
23,2025-10-23 16:04:41,0,IN
32,2025-10-23 16:05:59,0,IN
55,2025-10-23 17:34:19,0,IN
24,2025-10-23 18:43:27,0,IN
1,2025-10-23 18:44:29,0,IN
10,2025-10-23 19:58:58,0,IN
15,2025-10-23 20:00:39,0,IN
6,2025-10-23 20:04:16,0,IN
19,2025-10-23 20:26:53,0,IN
28,2025-10-23 21:01:26,0,IN
17,2025-10-23 21:02:58,0,IN
19,2025-10-24 06:34:19,0,IN
55,2025-10-24 08:31:48,0,IN
6,2025-10-24 08:56:23,0,IN
18,2025-10-24 08:59:14,0,IN
17,2025-10-24 08:59:21,0,IN
30,2025-10-24 08:59:43,0,IN
30,2025-10-24 08:59:47,0,IN
23,2025-10-24 08:59:53,0,IN
10,2025-10-24 09:00:00,0,IN
28,2025-10-24 09:00:59,0,IN
8,2025-10-24 09:02:42,0,IN
1,2025-10-24 09:10:29,0,IN
7,2025-10-24 09:16:47,0,IN
24,2025-10-24 09:18:31,0,IN
25,2025-10-24 09:18:40,0,IN
9,2025-10-24 09:38:40,0,IN
29,2025-10-24 10:28:27,0,IN
29,2025-10-24 10:28:30,0,IN
4,2025-10-24 11:32:24,0,IN
55,2025-10-24 17:31:54,0,IN
29,2025-10-24 17:33:18,0,IN
18,2025-10-24 19:11:54,0,IN
24,2025-10-24 19:33:36,0,IN
25,2025-10-24 19:37:36,0,IN
1,2025-10-24 19:48:07,0,IN
7,2025-10-24 19:58:46,0,IN
9,2025-10-24 20:02:34,0,IN
30,2025-10-24 20:31:03,0,IN
19,2025-10-24 20:35:25,0,IN
4,2025-10-24 21:02:09,0,IN
8,2025-10-24 21:02:18,0,IN
28,2025-10-24 21:02:40,0,IN
6,2025-10-24 21:05:10,0,IN
17,2025-10-24 21:41:27,0,IN
23,2025-10-25 00:16:17,0,IN
10,2025-10-25 01:03:02,0,IN
55,2025-10-25 08:34:07,0,IN
6,2025-10-25 08:51:17,0,IN
10,2025-10-25 08:57:10,0,IN
10,2025-10-25 08:57:13,0,IN
2,2025-10-25 08:57:34,0,IN
17,2025-10-25 08:57:42,0,IN
18,2025-10-25 08:57:52,0,IN
23,2025-10-25 08:57:59,0,IN
30,2025-10-25 08:58:31,0,IN
30,2025-10-25 08:58:35,0,IN
28,2025-10-25 09:01:55,0,IN
24,2025-10-25 09:02:30,0,IN
28,2025-10-25 09:02:45,0,IN
9,2025-10-25 09:04:23,0,IN
4,2025-10-25 09:05:53,0,IN
25,2025-10-25 09:06:07,0,IN
8,2025-10-25 09:09:49,0,IN
1,2025-10-25 09:10:34,0,IN
32,2025-10-25 09:26:57,0,IN
15,2025-10-25 09:38:45,0,IN
7,2025-10-25 09:42:19,0,IN
28,2025-10-25 12:30:02,0,IN
25,2025-10-25 17:15:49,0,IN
24,2025-10-25 19:23:45,0,IN
7,2025-10-25 19:56:32,0,IN
55,2025-10-25 20:02:45,0,IN
15,2025-10-25 20:03:11,0,IN
32,2025-10-25 20:07:41,0,IN
19,2025-10-25 20:30:08,0,IN
30,2025-10-25 20:34:05,0,IN
30,2025-10-25 20:34:09,0,IN
18,2025-10-25 20:59:29,0,IN
23,2025-10-25 20:59:40,0,IN
10,2025-10-25 21:02:09,0,IN
6,2025-10-25 21:03:36,0,IN
4,2025-10-25 21:06:07,0,IN
2,2025-10-25 21:06:25,0,IN
17,2025-10-25 21:39:57,0,IN
1,2025-10-25 22:07:41,0,IN
55,2025-10-26 08:30:58,0,IN
30,2025-10-26 08:33:02,0,IN
6,2025-10-26 09:02:30,0,IN
10,2025-10-26 09:02:35,0,IN
4,2025-10-26 09:04:36,0,IN
17,2025-10-26 09:04:43,0,IN
18,2025-10-26 09:04:50,0,IN
23,2025-10-26 09:05:03,0,IN
2,2025-10-26 09:10:51,0,IN
32,2025-10-26 09:38:23,0,IN
24,2025-10-26 09:59:05,0,IN
30,2025-10-26 15:01:34,0,IN
30,2025-10-26 15:01:37,0,IN
32,2025-10-26 16:15:36,0,IN
23,2025-10-26 16:30:57,0,IN
18,2025-10-26 16:31:08,0,IN
55,2025-10-26 17:00:33,0,IN
4,2025-10-26 17:01:49,0,IN
6,2025-10-26 17:04:28,0,IN
7,2025-10-26 17:05:47,0,IN
10,2025-10-26 17:13:04,0,IN
17,2025-10-26 17:13:09,0,IN
8,2025-10-26 21:31:13,0,IN
30,2025-10-27 08:56:04,0,IN
55,2025-10-27 08:59:27,0,IN
24,2025-10-27 08:59:36,0,IN
6,2025-10-27 09:00:46,0,IN
4,2025-10-27 09:01:21,0,IN
19,2025-10-27 09:01:35,0,IN
28,2025-10-27 09:02:05,0,IN
17,2025-10-27 09:02:40,0,IN
9,2025-10-27 09:03:52,0,IN
32,2025-10-27 09:04:01,0,IN
23,2025-10-27 09:08:15,0,IN
18,2025-10-27 09:08:22,0,IN
1,2025-10-27 09:17:12,0,IN
8,2025-10-27 09:29:36,0,IN
32,2025-10-27 18:46:39,0,IN
9,2025-10-27 19:24:52,0,IN
1,2025-10-27 19:31:20,0,IN
24,2025-10-27 19:31:32,0,IN
15,2025-10-27 19:57:28,0,IN
55,2025-10-27 20:01:39,0,IN
19,2025-10-27 20:28:14,0,IN
23,2025-10-27 20:32:45,0,IN
30,2025-10-27 20:59:06,0,IN
30,2025-10-27 20:59:10,0,IN
28,2025-10-27 21:02:34,0,IN
4,2025-10-27 21:03:25,0,IN
6,2025-10-27 21:04:32,0,IN
17,2025-10-27 21:04:57,0,IN
8,2025-10-27 21:05:07,0,IN
10,2025-10-27 21:10:22,0,IN
55,2025-10-28 08:29:56,0,IN
23,2025-10-28 08:56:24,0,IN
23,2025-10-28 08:56:27,0,IN
18,2025-10-28 08:56:30,0,IN
30,2025-10-28 08:57:04,0,IN
26,2025-10-28 08:57:16,0,IN
6,2025-10-28 08:57:32,0,IN
28,2025-10-28 08:58:52,0,IN
10,2025-10-28 09:02:04,0,IN
19,2025-10-28 09:02:29,0,IN
17,2025-10-28 09:02:44,0,IN
8,2025-10-28 09:05:02,0,IN
4,2025-10-28 09:05:47,0,IN
1,2025-10-28 09:08:44,0,IN
15,2025-10-28 09:29:03,0,IN
32,2025-10-28 09:53:20,0,IN
9,2025-10-28 10:36:15,0,IN
18,2025-10-28 18:04:18,0,IN
26,2025-10-28 18:04:25,0,IN
32,2025-10-28 18:26:32,0,IN
30,2025-10-28 18:33:54,0,IN
23,2025-10-28 18:59:49,0,IN
1,2025-10-28 19:35:22,0,IN
9,2025-10-28 19:48:35,0,IN
24,2025-10-28 19:56:58,0,IN
29,2025-10-28 20:28:21,0,IN
15,2025-10-28 20:34:33,0,IN
19,2025-10-28 20:35:03,0,IN
4,2025-10-28 21:03:27,0,IN
28,2025-10-28 21:04:55,0,IN
8,2025-10-28 21:05:47,0,IN
17,2025-10-28 21:38:07,0,IN
10,2025-10-29 01:32:00,0,IN
55,2025-10-29 03:05:15,0,IN
29,2025-10-29 08:31:57,0,IN
55,2025-10-29 08:37:56,0,IN
19,2025-10-29 08:56:02,0,IN
8,2025-10-29 08:57:42,0,IN
28,2025-10-29 08:59:10,0,IN
10,2025-10-29 09:00:03,0,IN
24,2025-10-29 09:01:38,0,IN
17,2025-10-29 09:03:40,0,IN
18,2025-10-29 09:04:18,0,IN
23,2025-10-29 09:04:26,0,IN
26,2025-10-29 09:04:33,0,IN
6,2025-10-29 09:06:03,0,IN
9,2025-10-29 09:06:35,0,IN
4,2025-10-29 09:06:43,0,IN
32,2025-10-29 09:20:23,0,IN
1,2025-10-29 09:23:26,0,IN
15,2025-10-29 09:37:23,0,IN
30,2025-10-29 10:55:22,0,IN
30,2025-10-29 10:55:25,0,IN
32,2025-10-29 15:43:27,0,IN
2,2025-10-29 16:27:14,0,IN
55,2025-10-29 18:07:07,0,IN
26,2025-10-29 18:07:14,0,IN
24,2025-10-29 19:01:02,0,IN
1,2025-10-29 19:31:35,0,IN
9,2025-10-29 20:00:28,0,IN
15,2025-10-29 20:02:19,0,IN
29,2025-10-29 20:24:17,0,IN
19,2025-10-29 20:38:23,0,IN
30,2025-10-29 20:38:48,0,IN
18,2025-10-29 20:46:27,0,IN
23,2025-10-29 20:46:32,0,IN
28,2025-10-29 21:04:28,0,IN
8,2025-10-29 21:05:15,0,IN
10,2025-10-29 21:05:37,0,IN
17,2025-10-29 21:06:50,0,IN
6,2025-10-29 21:06:58,0,IN
4,2025-10-29 21:09:27,0,IN
29,2025-10-30 07:32:38,0,IN
29,2025-10-30 07:32:41,0,IN
55,2025-10-30 08:31:02,0,IN
19,2025-10-30 08:52:49,0,IN
30,2025-10-30 08:53:24,0,IN
18,2025-10-30 08:56:31,0,IN
23,2025-10-30 08:56:42,0,IN
26,2025-10-30 08:56:49,0,IN
8,2025-10-30 08:58:15,0,IN
28,2025-10-30 08:59:14,0,IN
17,2025-10-30 08:59:41,0,IN
6,2025-10-30 09:00:09,0,IN
44,2025-10-30 09:00:19,0,IN
9,2025-10-30 09:00:31,0,IN
9,2025-10-30 09:00:32,0,IN
10,2025-10-30 09:01:01,0,IN
2,2025-10-30 09:05:09,0,IN
4,2025-10-30 09:06:30,0,IN
24,2025-10-30 09:11:55,0,IN
32,2025-10-30 09:12:17,0,IN
1,2025-10-30 09:13:49,0,IN
15,2025-10-30 09:59:43,0,IN
26,2025-10-30 13:23:57,0,IN
1,2025-10-30 19:32:20,0,IN
32,2025-10-30 19:48:26,0,IN
55,2025-10-30 20:01:40,0,IN
18,2025-10-30 20:01:52,0,IN
23,2025-10-30 20:02:43,0,IN
15,2025-10-30 20:06:34,0,IN
9,2025-10-30 20:17:30,0,IN
29,2025-10-30 20:24:53,0,IN
19,2025-10-30 20:36:21,0,IN
30,2025-10-30 21:00:41,0,IN
6,2025-10-30 21:03:14,0,IN
4,2025-10-30 21:03:57,0,IN
2,2025-10-30 21:04:03,0,IN
28,2025-10-30 21:04:26,0,IN
44,2025-10-30 21:04:59,0,IN
10,2025-10-30 21:05:56,0,IN
8,2025-10-30 21:06:58,0,IN
17,2025-10-30 21:34:31,0,IN
55,2025-10-31 08:31:50,0,IN
29,2025-10-31 08:32:17,0,IN
19,2025-10-31 08:53:09,0,IN
18,2025-10-31 08:59:58,0,IN
23,2025-10-31 09:00:05,0,IN
9,2025-10-31 09:00:53,0,IN
8,2025-10-31 09:02:18,0,IN
44,2025-10-31 09:03:06,0,IN
10,2025-10-31 09:03:43,0,IN
4,2025-10-31 09:03:53,0,IN
28,2025-10-31 09:04:15,0,IN
17,2025-10-31 09:05:15,0,IN
6,2025-10-31 09:07:38,0,IN
2,2025-10-31 09:09:15,0,IN
32,2025-10-31 09:11:25,0,IN
24,2025-10-31 09:12:41,0,IN
1,2025-10-31 09:18:55,0,IN
15,2025-10-31 09:38:50,0,IN
12,2025-10-31 10:20:50,0,IN
30,2025-10-31 11:26:52,0,IN
32,2025-10-31 19:02:53,0,IN
24,2025-10-31 19:31:25,0,IN
1,2025-10-31 19:54:28,0,IN
55,2025-10-31 20:00:32,0,IN
15,2025-10-31 20:03:50,0,IN
23,2025-10-31 20:08:33,0,IN
29,2025-10-31 20:23:00,0,IN
19,2025-10-31 20:36:53,0,IN
28,2025-10-31 21:01:29,0,IN
4,2025-10-31 21:05:25,0,IN
44,2025-10-31 21:06:17,0,IN
2,2025-10-31 21:06:43,0,IN
8,2025-10-31 21:06:49,0,IN
6,2025-10-31 21:07:19,0,IN
17,2025-10-31 21:40:16,0,IN
12,2025-11-01 00:28:02,0,IN
18,2025-11-01 00:28:07,0,IN
10,2025-11-01 00:29:32,0,IN
8,2025-11-01 08:25:25,0,IN
29,2025-11-01 08:26:27,0,IN
55,2025-11-01 08:31:43,0,IN
23,2025-11-01 08:52:51,0,IN
18,2025-11-01 08:52:59,0,IN
26,2025-11-01 08:53:06,0,IN
30,2025-11-01 08:54:36,0,IN
19,2025-11-01 08:55:13,0,IN
28,2025-11-01 08:59:28,0,IN
10,2025-11-01 09:01:05,0,IN
9,2025-11-01 09:01:11,0,IN
44,2025-11-01 09:01:20,0,IN
4,2025-11-01 09:01:38,0,IN
12,2025-11-01 09:03:34,0,IN
2,2025-11-01 09:09:44,0,IN
17,2025-11-01 09:09:56,0,IN
24,2025-11-01 09:11:35,0,IN
1,2025-11-01 09:15:59,0,IN
6,2025-11-01 09:18:29,0,IN
15,2025-11-01 09:31:28,0,IN
32,2025-11-01 13:57:29,0,IN
10,2025-11-01 17:28:03,0,IN
24,2025-11-01 19:04:38,0,IN
1,2025-11-01 19:32:03,0,IN
30,2025-11-01 19:35:37,0,IN
30,2025-11-01 19:35:40,0,IN
30,2025-11-01 19:35:50,0,IN
30,2025-11-01 19:35:53,0,IN
55,2025-11-01 20:01:29,0,IN
32,2025-11-01 20:05:12,0,IN
18,2025-11-01 20:07:55,0,IN
26,2025-11-01 20:08:04,0,IN
23,2025-11-01 20:10:09,0,IN
29,2025-11-01 20:22:11,0,IN
19,2025-11-01 20:39:12,0,IN
28,2025-11-01 21:02:57,0,IN
44,2025-11-01 21:04:24,0,IN
4,2025-11-01 21:04:42,0,IN
6,2025-11-01 21:18:34,0,IN
15,2025-11-01 21:19:34,0,IN
2,2025-11-01 21:34:26,0,IN
17,2025-11-01 21:43:29,0,IN
9,2025-11-01 22:55:27,0,IN
8,2025-11-01 23:12:59,0,IN
12,2025-11-02 00:24:09,0,IN
30,2025-11-02 08:24:26,0,IN
8,2025-11-02 08:30:13,0,IN
55,2025-11-02 08:32:03,0,IN
6,2025-11-02 08:53:36,0,IN
18,2025-11-02 08:59:18,0,IN
26,2025-11-02 08:59:24,0,IN
44,2025-11-02 09:00:01,0,IN
28,2025-11-02 09:03:39,0,IN
10,2025-11-02 09:07:03,0,IN
17,2025-11-02 09:09:36,0,IN
2,2025-11-02 09:11:52,0,IN
4,2025-11-02 09:22:19,0,IN
11,2025-11-02 10:57:19,0,IN
32,2025-11-02 11:02:23,0,IN
30,2025-11-02 13:04:16,0,IN
32,2025-11-02 15:44:15,0,IN
18,2025-11-02 16:32:03,0,IN
26,2025-11-02 16:32:07,0,IN
2,2025-11-02 16:36:24,0,IN
55,2025-11-02 17:03:00,0,IN
44,2025-11-02 17:31:32,0,IN
10,2025-11-02 17:31:41,0,IN
11,2025-11-02 17:31:45,0,IN
4,2025-11-02 17:33:37,0,IN
28,2025-11-02 17:33:45,0,IN
6,2025-11-02 17:34:07,0,IN
17,2025-11-02 17:40:16,0,IN
12,2025-11-03 08:33:13,0,IN
55,2025-11-03 08:35:39,0,IN
6,2025-11-03 08:53:23,0,IN
30,2025-11-03 08:58:42,0,IN
30,2025-11-03 08:58:45,0,IN
28,2025-11-03 08:58:57,0,IN
26,2025-11-03 08:59:39,0,IN
11,2025-11-03 09:00:13,0,IN
4,2025-11-03 09:03:18,0,IN
10,2025-11-03 09:03:29,0,IN
44,2025-11-03 09:04:16,0,IN
17,2025-11-03 09:13:17,0,IN
24,2025-11-03 09:18:39,0,IN
1,2025-11-03 09:18:52,0,IN
19,2025-11-03 09:30:58,0,IN
2,2025-11-03 09:31:27,0,IN
32,2025-11-03 10:58:00,0,IN
19,2025-11-03 18:05:44,0,IN
32,2025-11-03 19:01:09,0,IN
24,2025-11-03 19:03:09,0,IN
9,2025-11-03 19:23:06,0,IN
9,2025-11-03 19:26:19,0,IN
1,2025-11-03 19:33:07,0,IN
26,2025-11-03 19:33:16,0,IN
55,2025-11-03 19:59:59,0,IN
30,2025-11-03 20:32:12,0,IN
21,2025-11-03 21:00:35,0,IN
10,2025-11-03 21:03:46,0,IN
28,2025-11-03 21:04:12,0,IN
44,2025-11-03 21:05:12,0,IN
8,2025-11-03 21:58:13,0,IN
11,2025-11-04 00:33:38,0,IN
4,2025-11-04 01:14:05,0,IN
6,2025-11-04 04:06:24,0,IN
2,2025-11-04 04:24:22,0,IN
55,2025-11-04 08:30:56,0,IN
19,2025-11-04 08:54:03,0,IN
18,2025-11-04 08:54:12,0,IN
26,2025-11-04 08:54:24,0,IN
30,2025-11-04 08:57:26,0,IN
28,2025-11-04 08:57:57,0,IN
10,2025-11-04 08:59:41,0,IN
44,2025-11-04 08:59:52,0,IN
21,2025-11-04 09:00:24,0,IN
4,2025-11-04 09:05:31,0,IN
8,2025-11-04 09:05:57,0,IN
24,2025-11-04 09:10:31,0,IN
1,2025-11-04 09:14:46,0,IN
6,2025-11-04 09:17:21,0,IN
15,2025-11-04 09:37:33,0,IN
11,2025-11-04 09:58:37,0,IN
32,2025-11-04 10:03:57,0,IN
2,2025-11-04 10:54:16,0,IN
31,2025-11-04 16:08:06,0,IN
31,2025-11-04 16:08:09,0,IN
17,2025-11-04 19:36:23,0,IN
1,2025-11-04 19:41:48,0,IN
24,2025-11-04 19:42:48,0,IN
55,2025-11-04 20:09:18,0,IN
15,2025-11-04 20:22:45,0,IN
30,2025-11-04 20:34:47,0,IN
19,2025-11-04 20:36:04,0,IN
18,2025-11-04 20:48:25,0,IN
44,2025-11-04 21:01:34,0,IN
10,2025-11-04 21:02:05,0,IN
28,2025-11-04 21:02:51,0,IN
2,2025-11-04 21:04:44,0,IN
8,2025-11-04 21:06:27,0,IN
6,2025-11-05 00:04:34,0,IN
11,2025-11-05 00:05:35,0,IN
4,2025-11-05 00:09:22,0,IN
21,2025-11-05 00:27:04,0,IN
26,2025-11-05 05:03:03,0,IN
19,2025-11-05 08:55:33,0,IN
28,2025-11-05 08:58:07,0,IN
10,2025-11-05 08:58:55,0,IN
17,2025-11-05 08:59:11,0,IN
8,2025-11-05 08:59:37,0,IN
21,2025-11-05 09:01:38,0,IN
44,2025-11-05 09:02:16,0,IN
4,2025-11-05 09:04:53,0,IN
18,2025-11-05 09:05:00,0,IN
24,2025-11-05 09:07:02,0,IN
31,2025-11-05 09:15:29,0,IN
31,2025-11-05 09:15:32,0,IN
6,2025-11-05 09:26:02,0,IN
55,2025-11-05 09:34:03,0,IN
55,2025-11-05 09:34:07,0,IN
55,2025-11-05 09:34:23,0,IN
15,2025-11-05 09:41:42,0,IN
26,2025-11-05 09:51:28,0,IN
11,2025-11-05 10:27:11,0,IN
9,2025-11-05 10:42:19,0,IN
31,2025-11-05 11:45:51,0,IN
12,2025-11-05 12:01:46,0,IN
17,2025-11-05 18:03:09,0,IN
11,2025-11-05 19:06:51,0,IN
1,2025-11-05 19:22:08,0,IN
24,2025-11-05 19:26:15,0,IN
26,2025-11-05 19:32:50,0,IN
2,2025-11-05 19:33:26,0,IN
55,2025-11-05 20:00:07,0,IN
15,2025-11-05 20:04:50,0,IN
4,2025-11-05 20:08:10,0,IN
29,2025-11-05 20:51:41,0,IN
9,2025-11-05 20:56:35,0,IN
6,2025-11-05 21:00:31,0,IN
21,2025-11-05 21:00:53,0,IN
18,2025-11-05 21:00:59,0,IN
10,2025-11-05 21:01:23,0,IN
28,2025-11-05 21:01:47,0,IN
44,2025-11-05 21:05:22,0,IN
19,2025-11-05 21:05:52,0,IN
8,2025-11-05 21:07:35,0,IN
55,2025-11-06 08:31:00,0,IN
31,2025-11-06 08:40:52,0,IN
29,2025-11-06 08:44:50,0,IN
19,2025-11-06 08:50:30,0,IN
8,2025-11-06 08:58:26,0,IN
28,2025-11-06 08:59:09,0,IN
10,2025-11-06 09:00:02,0,IN
44,2025-11-06 09:00:34,0,IN
17,2025-11-06 09:01:31,0,IN
4,2025-11-06 09:01:54,0,IN
6,2025-11-06 09:02:54,0,IN
21,2025-11-06 09:04:52,0,IN
9,2025-11-06 09:06:04,0,IN
24,2025-11-06 09:09:24,0,IN
18,2025-11-06 09:14:20,0,IN
2,2025-11-06 09:30:24,0,IN
30,2025-11-06 09:32:43,0,IN
1,2025-11-06 09:33:43,0,IN
15,2025-11-06 09:38:35,0,IN
32,2025-11-06 10:11:26,0,IN
32,2025-11-06 16:27:17,0,IN
2,2025-11-06 18:11:43,0,IN
18,2025-11-06 19:00:01,0,IN
1,2025-11-06 19:32:56,0,IN
31,2025-11-06 19:59:09,0,IN
55,2025-11-06 20:01:47,0,IN
44,2025-11-06 20:02:19,0,IN
15,2025-11-06 20:09:50,0,IN
29,2025-11-06 20:18:57,0,IN
19,2025-11-06 20:37:38,0,IN
30,2025-11-06 21:00:13,0,IN
30,2025-11-06 21:00:16,0,IN
21,2025-11-06 21:00:44,0,IN
6,2025-11-06 21:02:02,0,IN
4,2025-11-06 21:02:38,0,IN
17,2025-11-06 21:03:18,0,IN
8,2025-11-06 21:04:15,0,IN
29,2025-11-07 08:29:22,0,IN
29,2025-11-07 08:29:29,0,IN
19,2025-11-07 08:55:27,0,IN
12,2025-11-07 08:57:08,0,IN
31,2025-11-07 08:58:34,0,IN
30,2025-11-07 08:59:15,0,IN
18,2025-11-07 08:59:28,0,IN
26,2025-11-07 08:59:35,0,IN
17,2025-11-07 08:59:42,0,IN
8,2025-11-07 08:59:53,0,IN
9,2025-11-07 08:59:59,0,IN
21,2025-11-07 09:00:08,0,IN
11,2025-11-07 09:00:27,0,IN
4,2025-11-07 09:02:43,0,IN
44,2025-11-07 09:04:22,0,IN
2,2025-11-07 09:05:37,0,IN
6,2025-11-07 09:07:59,0,IN
24,2025-11-07 09:12:53,0,IN
32,2025-11-07 09:14:11,0,IN
10,2025-11-07 10:04:16,0,IN
28,2025-11-07 10:09:37,0,IN
1,2025-11-07 10:53:56,0,IN
31,2025-11-07 16:59:37,0,IN
18,2025-11-07 17:30:10,0,IN
26,2025-11-07 17:31:35,0,IN
2,2025-11-07 17:52:02,0,IN
32,2025-11-07 18:30:18,0,IN
17,2025-11-07 18:39:32,0,IN
1,2025-11-07 19:56:48,0,IN
29,2025-11-07 20:21:18,0,IN
30,2025-11-07 20:30:36,0,IN
4,2025-11-07 20:34:22,0,IN
19,2025-11-07 20:36:15,0,IN
6,2025-11-07 20:37:28,0,IN
44,2025-11-07 21:00:54,0,IN
10,2025-11-07 21:02:14,0,IN
28,2025-11-07 21:04:11,0,IN
11,2025-11-07 21:04:48,0,IN
21,2025-11-08 00:30:45,0,IN
32,2025-11-08 07:11:09,0,IN
29,2025-11-08 08:30:55,0,IN
55,2025-11-08 08:31:08,0,IN
6,2025-11-08 08:56:58,0,IN
30,2025-11-08 08:57:31,0,IN
30,2025-11-08 08:57:34,0,IN
30,2025-11-08 08:57:37,0,IN
28,2025-11-08 08:57:48,0,IN
19,2025-11-08 08:59:57,0,IN
17,2025-11-08 09:01:48,0,IN
21,2025-11-08 09:02:06,0,IN
44,2025-11-08 09:02:48,0,IN
4,2025-11-08 09:05:47,0,IN
9,2025-11-08 09:07:10,0,IN
31,2025-11-08 09:12:57,0,IN
24,2025-11-08 09:16:54,0,IN
1,2025-11-08 09:17:58,0,IN
11,2025-11-08 09:28:18,0,IN
8,2025-11-08 09:33:46,0,IN
18,2025-11-08 09:36:59,0,IN
26,2025-11-08 09:37:08,0,IN
15,2025-11-08 09:44:40,0,IN
26,2025-11-08 17:00:06,0,IN
18,2025-11-08 18:29:52,0,IN
1,2025-11-08 19:32:08,0,IN
24,2025-11-08 19:40:40,0,IN
55,2025-11-08 20:02:44,0,IN
15,2025-11-08 20:19:40,0,IN
31,2025-11-08 20:22:04,0,IN
31,2025-11-08 20:22:08,0,IN
29,2025-11-08 20:22:45,0,IN
30,2025-11-08 20:30:45,0,IN
30,2025-11-08 20:30:48,0,IN
11,2025-11-08 20:33:15,0,IN
4,2025-11-08 20:37:04,0,IN
19,2025-11-08 20:37:55,0,IN
6,2025-11-08 20:57:38,0,IN
44,2025-11-08 21:00:10,0,IN
12,2025-11-08 21:00:53,0,IN
21,2025-11-08 21:01:44,0,IN
28,2025-11-08 21:01:54,0,IN
10,2025-11-08 21:03:25,0,IN
8,2025-11-08 21:08:41,0,IN
17,2025-11-08 21:12:29,0,IN
17,2025-11-08 21:12:32,0,IN
21,2025-11-09 08:01:27,0,IN
30,2025-11-09 08:26:42,0,IN
55,2025-11-09 08:31:03,0,IN
28,2025-11-09 09:01:26,0,IN
6,2025-11-09 09:01:32,0,IN
8,2025-11-09 09:02:14,0,IN
10,2025-11-09 09:03:06,0,IN
44,2025-11-09 09:04:06,0,IN
29,2025-11-09 09:04:47,0,IN
29,2025-11-09 09:09:23,0,IN
17,2025-11-09 09:15:53,0,IN
2,2025-11-09 09:16:07,0,IN
4,2025-11-09 09:29:24,0,IN
29,2025-11-09 13:00:47,0,IN
4,2025-11-09 13:02:06,0,IN
30,2025-11-09 14:33:38,0,IN
30,2025-11-09 14:33:42,0,IN
21,2025-11-09 16:30:06,0,IN
2,2025-11-09 16:32:14,0,IN
55,2025-11-09 16:59:06,0,IN
10,2025-11-09 17:00:21,0,IN
6,2025-11-09 17:01:56,0,IN
28,2025-11-09 17:02:04,0,IN
44,2025-11-09 17:02:17,0,IN
17,2025-11-09 17:08:05,0,IN
30,2025-11-10 08:58:07,0,IN
32,2025-11-10 08:58:21,0,IN
31,2025-11-10 08:58:30,0,IN
18,2025-11-10 08:59:26,0,IN
55,2025-11-10 08:59:37,0,IN
6,2025-11-10 08:59:48,0,IN
19,2025-11-10 09:00:03,0,IN
11,2025-11-10 09:00:44,0,IN
44,2025-11-10 09:00:54,0,IN
21,2025-11-10 09:02:01,0,IN
17,2025-11-10 09:02:07,0,IN
2,2025-11-10 09:02:13,0,IN
9,2025-11-10 09:02:44,0,IN
10,2025-11-10 09:04:21,0,IN
26,2025-11-10 09:04:47,0,IN
4,2025-11-10 09:04:55,0,IN
8,2025-11-10 09:13:51,0,IN
24,2025-11-10 09:16:47,0,IN
24,2025-11-10 09:16:50,0,IN
1,2025-11-10 09:20:14,0,IN
15,2025-11-10 09:42:09,0,IN
32,2025-11-10 17:32:13,0,IN
31,2025-11-10 19:04:14,0,IN
24,2025-11-10 19:31:09,0,IN
1,2025-11-10 19:32:59,0,IN
7,2025-11-10 19:49:52,0,IN
55,2025-11-10 20:00:16,0,IN
15,2025-11-10 20:01:16,0,IN
29,2025-11-10 20:22:32,0,IN
18,2025-11-10 20:32:51,0,IN
19,2025-11-10 20:36:56,0,IN
8,2025-11-10 21:00:05,0,IN
44,2025-11-10 21:01:43,0,IN
30,2025-11-10 21:02:15,0,IN
21,2025-11-10 21:03:03,0,IN
10,2025-11-10 21:03:31,0,IN
26,2025-11-10 21:03:38,0,IN
4,2025-11-10 21:05:01,0,IN
17,2025-11-10 22:02:13,0,IN
9,2025-11-10 22:06:11,0,IN
6,2025-11-10 22:58:37,0,IN
12,2025-11-11 00:03:36,0,IN
2,2025-11-11 00:32:26,0,IN
11,2025-11-11 00:32:37,0,IN
55,2025-11-11 08:31:27,0,IN
31,2025-11-11 08:39:54,0,IN
30,2025-11-11 08:50:04,0,IN
6,2025-11-11 08:50:45,0,IN
19,2025-11-11 08:53:21,0,IN
18,2025-11-11 08:54:36,0,IN
26,2025-11-11 08:54:42,0,IN
28,2025-11-11 08:56:42,0,IN
44,2025-11-11 08:57:39,0,IN
21,2025-11-11 08:59:15,0,IN
10,2025-11-11 09:00:45,0,IN
4,2025-11-11 09:04:06,0,IN
2,2025-11-11 09:06:57,0,IN
24,2025-11-11 09:07:06,0,IN
1,2025-11-11 09:14:00,0,IN
32,2025-11-11 09:14:41,0,IN
8,2025-11-11 09:15:43,0,IN
17,2025-11-11 09:24:30,0,IN
29,2025-11-11 09:31:29,0,IN
9,2025-11-11 09:40:34,0,IN
11,2025-11-11 10:31:56,0,IN
7,2025-11-11 11:37:08,0,IN
32,2025-11-11 18:41:34,0,IN
1,2025-11-11 19:05:01,0,IN
1,2025-11-11 19:05:04,0,IN
7,2025-11-11 19:52:26,0,IN
26,2025-11-11 20:00:56,0,IN
55,2025-11-11 20:02:13,0,IN
18,2025-11-11 20:02:48,0,IN
30,2025-11-11 20:04:13,0,IN
24,2025-11-11 20:23:02,0,IN
29,2025-11-11 20:24:15,0,IN
19,2025-11-11 20:40:13,0,IN
8,2025-11-11 20:59:28,0,IN
28,2025-11-11 21:03:05,0,IN
12,2025-11-11 21:05:31,0,IN
4,2025-11-11 21:15:48,0,IN
6,2025-11-11 21:29:54,0,IN
21,2025-11-11 21:31:04,0,IN
2,2025-11-11 22:02:42,0,IN
17,2025-11-12 01:27:00,0,IN
9,2025-11-12 01:27:25,0,IN
11,2025-11-12 01:30:11,0,IN
44,2025-11-12 05:02:55,0,IN
29,2025-11-12 05:03:10,0,IN
4,2025-11-12 08:29:06,0,IN
55,2025-11-12 08:30:54,0,IN
6,2025-11-12 08:57:36,0,IN
28,2025-11-12 08:59:40,0,IN
10,2025-11-12 09:01:23,0,IN
2,2025-11-12 09:02:49,0,IN
44,2025-11-12 09:03:27,0,IN
21,2025-11-12 09:04:35,0,IN
17,2025-11-12 09:05:15,0,IN
19,2025-11-12 09:06:48,0,IN
31,2025-11-12 09:07:30,0,IN
24,2025-11-12 09:12:18,0,IN
32,2025-11-12 09:20:53,0,IN
1,2025-11-12 09:21:14,0,IN
8,2025-11-12 09:22:56,0,IN
18,2025-11-12 09:31:08,0,IN
26,2025-11-12 09:31:12,0,IN
15,2025-11-12 09:39:34,0,IN
7,2025-11-12 09:43:08,0,IN
9,2025-11-12 10:19:27,0,IN
11,2025-11-12 11:55:56,0,IN
30,2025-11-12 13:30:21,0,IN
55,2025-11-12 17:01:54,0,IN
44,2025-11-12 17:33:49,0,IN
1,2025-11-12 19:29:11,0,IN
9,2025-11-12 19:32:31,0,IN
7,2025-11-12 19:56:50,0,IN
30,2025-11-12 20:00:46,0,IN
18,2025-11-12 20:01:46,0,IN
21,2025-11-12 20:01:55,0,IN
31,2025-11-12 20:04:00,0,IN
15,2025-11-12 20:23:48,0,IN
19,2025-11-12 20:39:56,0,IN
28,2025-11-12 21:01:23,0,IN
10,2025-11-12 21:03:45,0,IN
8,2025-11-12 21:05:16,0,IN
4,2025-11-12 21:16:23,0,IN
6,2025-11-12 21:49:18,0,IN
17,2025-11-12 21:49:26,0,IN
2,2025-11-12 23:28:16,0,IN
11,2025-11-13 00:01:03,0,IN
32,2025-11-13 00:02:24,0,IN
26,2025-11-13 00:03:05,0,IN
55,2025-11-13 08:31:32,0,IN
6,2025-11-13 08:47:05,0,IN
32,2025-11-13 08:52:34,0,IN
26,2025-11-13 08:56:39,0,IN
19,2025-11-13 08:57:59,0,IN
30,2025-11-13 08:58:08,0,IN
28,2025-11-13 09:00:16,0,IN
17,2025-11-13 09:01:03,0,IN
10,2025-11-13 09:01:51,0,IN
9,2025-11-13 09:03:41,0,IN
44,2025-11-13 09:05:20,0,IN
8,2025-11-13 09:17:53,0,IN
31,2025-11-13 09:18:00,0,IN
24,2025-11-13 09:22:11,0,IN
4,2025-11-13 09:33:39,0,IN
2,2025-11-13 09:35:28,0,IN
15,2025-11-13 09:40:22,0,IN
7,2025-11-13 09:43:04,0,IN
11,2025-11-13 10:30:34,0,IN
18,2025-11-13 10:48:51,0,IN
21,2025-11-13 12:44:25,0,IN
21,2025-11-13 18:11:09,0,IN
2,2025-11-13 19:37:18,0,IN
7,2025-11-13 19:56:14,0,IN
9,2025-11-13 19:58:34,0,IN
9,2025-11-13 19:58:42,0,IN
55,2025-11-13 20:02:43,0,IN
15,2025-11-13 20:05:34,0,IN
32,2025-11-13 20:07:13,0,IN
18,2025-11-13 20:31:01,0,IN
26,2025-11-13 20:31:19,0,IN
8,2025-11-13 21:01:23,0,IN
44,2025-11-13 21:04:19,0,IN
28,2025-11-13 21:05:14,0,IN
30,2025-11-13 21:34:56,0,IN
17,2025-11-13 22:03:24,0,IN
11,2025-11-14 00:35:24,0,IN
10,2025-11-14 02:03:08,0,IN
4,2025-11-14 02:03:17,0,IN
6,2025-11-14 02:03:25,0,IN
19,2025-11-14 02:34:22,0,IN
55,2025-11-14 08:31:49,0,IN
21,2025-11-14 08:57:22,0,IN
30,2025-11-14 08:57:31,0,IN
30,2025-11-14 08:57:34,0,IN
44,2025-11-14 09:00:28,0,IN
28,2025-11-14 09:00:54,0,IN
18,2025-11-14 09:04:20,0,IN
26,2025-11-14 09:04:33,0,IN
17,2025-11-14 09:05:31,0,IN
9,2025-11-14 09:05:49,0,IN
10,2025-11-14 09:08:00,0,IN
1,2025-11-14 09:14:40,0,IN
1,2025-11-14 09:14:44,0,IN
24,2025-11-14 09:15:29,0,IN
8,2025-11-14 09:26:46,0,IN
32,2025-11-14 09:27:58,0,IN
15,2025-11-14 09:39:24,0,IN
7,2025-11-14 09:40:16,0,IN
2,2025-11-14 09:51:23,0,IN
6,2025-11-14 09:53:32,0,IN
4,2025-11-14 13:29:49,0,IN
32,2025-11-14 14:24:08,0,IN
9,2025-11-14 18:14:43,0,IN
24,2025-11-14 19:26:32,0,IN
1,2025-11-14 19:29:11,0,IN
1,2025-11-14 19:29:15,0,IN
26,2025-11-14 19:31:48,0,IN
44,2025-11-14 19:38:26,0,IN
7,2025-11-14 19:57:21,0,IN
55,2025-11-14 20:02:44,0,IN
31,2025-11-14 20:05:25,0,IN
15,2025-11-14 20:19:43,0,IN
30,2025-11-14 20:35:03,0,IN
21,2025-11-14 20:57:59,0,IN
8,2025-11-14 21:02:20,0,IN
10,2025-11-14 21:02:25,0,IN
4,2025-11-14 21:03:02,0,IN
6,2025-11-14 21:03:16,0,IN
28,2025-11-14 21:04:53,0,IN
17,2025-11-14 21:05:43,0,IN
55,2025-11-15 08:30:34,0,IN
30,2025-11-15 08:55:32,0,IN
9,2025-11-15 08:55:41,0,IN
6,2025-11-15 08:55:49,0,IN
23,2025-11-15 08:59:40,0,IN
18,2025-11-15 08:59:48,0,IN
26,2025-11-15 08:59:53,0,IN
28,2025-11-15 08:59:59,0,IN
2,2025-11-15 09:02:28,0,IN
10,2025-11-15 09:03:11,0,IN
17,2025-11-15 09:03:53,0,IN
21,2025-11-15 09:04:25,0,IN
4,2025-11-15 09:04:44,0,IN
1,2025-11-15 09:06:11,0,IN
24,2025-11-15 09:11:22,0,IN
31,2025-11-15 09:29:47,0,IN
8,2025-11-15 09:34:18,0,IN
15,2025-11-15 09:45:24,0,IN
7,2025-11-15 09:57:30,0,IN
11,2025-11-15 13:09:16,0,IN
4,2025-11-15 17:34:30,0,IN
18,2025-11-15 19:03:16,0,IN
23,2025-11-15 19:03:33,0,IN
30,2025-11-15 19:37:55,0,IN
30,2025-11-15 19:37:58,0,IN
7,2025-11-15 19:57:10,0,IN
7,2025-11-15 20:00:16,0,IN
55,2025-11-15 20:00:26,0,IN
32,2025-11-15 20:05:25,0,IN
15,2025-11-15 20:12:37,0,IN
31,2025-11-15 20:29:38,0,IN
9,2025-11-15 20:29:45,0,IN
6,2025-11-15 20:31:21,0,IN
26,2025-11-15 20:32:00,0,IN
24,2025-11-15 20:32:28,0,IN
2,2025-11-15 20:34:27,0,IN
21,2025-11-15 20:59:00,0,IN
21,2025-11-15 20:59:03,0,IN
11,2025-11-15 21:00:36,0,IN
8,2025-11-15 21:01:14,0,IN
28,2025-11-15 21:03:23,0,IN
28,2025-11-15 21:03:27,0,IN
1,2025-11-15 21:10:28,0,IN
10,2025-11-15 21:31:40,0,IN
17,2025-11-16 06:53:04,0,IN
2,2025-11-16 08:40:17,0,IN
12,2025-11-16 08:43:17,0,IN
30,2025-11-16 08:45:25,0,IN
26,2025-11-16 08:59:18,0,IN
18,2025-11-16 08:59:31,0,IN
21,2025-11-16 08:59:39,0,IN
28,2025-11-16 09:00:09,0,IN
10,2025-11-16 09:00:17,0,IN
6,2025-11-16 09:01:18,0,IN
31,2025-11-16 09:01:41,0,IN
7,2025-11-16 09:41:37,0,IN
11,2025-11-16 10:28:54,0,IN
15,2025-11-16 10:49:27,0,IN
30,2025-11-16 13:02:23,0,IN
17,2025-11-16 13:31:09,0,IN
21,2025-11-16 14:28:53,0,IN
18,2025-11-16 14:29:21,0,IN
26,2025-11-16 14:29:29,0,IN
15,2025-11-16 16:07:10,0,IN
11,2025-11-16 16:29:21,0,IN
2,2025-11-16 16:29:38,0,IN
28,2025-11-16 17:02:42,0,IN
10,2025-11-16 17:30:48,0,IN
6,2025-11-16 17:30:54,0,IN
17,2025-11-16 17:31:19,0,IN
7,2025-11-16 21:33:52,0,IN
8,2025-11-16 21:34:05,0,IN
7,2025-11-17 08:13:21,0,IN
55,2025-11-17 08:34:31,0,IN
6,2025-11-17 08:52:17,0,IN
28,2025-11-17 08:59:19,0,IN
24,2025-11-17 08:59:26,0,IN
10,2025-11-17 08:59:32,0,IN
10,2025-11-17 08:59:35,0,IN
30,2025-11-17 08:59:44,0,IN
18,2025-11-17 08:59:50,0,IN
21,2025-11-17 09:01:34,0,IN
44,2025-11-17 09:02:06,0,IN
19,2025-11-17 09:02:55,0,IN
1,2025-11-17 09:11:55,0,IN
9,2025-11-17 09:20:38,0,IN
11,2025-11-17 09:30:45,0,IN
15,2025-11-17 09:47:06,0,IN
31,2025-11-17 10:50:22,0,IN
2,2025-11-17 11:32:31,0,IN
30,2025-11-17 18:36:58,0,IN
15,2025-11-17 19:10:43,0,IN
24,2025-11-17 19:32:27,0,IN
2,2025-11-17 19:35:06,0,IN
1,2025-11-17 19:35:35,0,IN
7,2025-11-17 19:57:22,0,IN
55,2025-11-17 20:03:46,0,IN
18,2025-11-17 20:34:54,0,IN
19,2025-11-17 20:38:10,0,IN
10,2025-11-17 21:03:32,0,IN
28,2025-11-17 21:04:16,0,IN
44,2025-11-17 21:08:27,0,IN
8,2025-11-17 21:11:37,0,IN
31,2025-11-17 21:26:08,0,IN
21,2025-11-17 21:29:46,0,IN
6,2025-11-17 22:35:40,0,IN
11,2025-11-17 22:37:42,0,IN
6,2025-11-18 08:52:33,0,IN
19,2025-11-18 08:53:36,0,IN
55,2025-11-18 08:53:57,0,IN
30,2025-11-18 08:55:14,0,IN
18,2025-11-18 08:57:07,0,IN
28,2025-11-18 08:58:57,0,IN
21,2025-11-18 08:59:22,0,IN
10,2025-11-18 09:01:27,0,IN
44,2025-11-18 09:01:47,0,IN
7,2025-11-18 09:02:18,0,IN
9,2025-11-18 09:07:49,0,IN
1,2025-11-18 09:20:33,0,IN
24,2025-11-18 09:25:00,0,IN
17,2025-11-18 09:25:31,0,IN
15,2025-11-18 09:46:34,0,IN
8,2025-11-18 10:04:35,0,IN
30,2025-11-18 14:01:42,0,IN
1,2025-11-18 19:08:49,0,IN
24,2025-11-18 19:17:57,0,IN
7,2025-11-18 20:01:25,0,IN
55,2025-11-18 20:01:58,0,IN
8,2025-11-18 20:18:43,0,IN
18,2025-11-18 20:34:12,0,IN
19,2025-11-18 20:35:04,0,IN
15,2025-11-18 20:36:54,0,IN
28,2025-11-18 21:00:55,0,IN
17,2025-11-18 21:02:07,0,IN
6,2025-11-18 21:03:00,0,IN
44,2025-11-18 21:03:26,0,IN
10,2025-11-19 00:26:31,0,IN
21,2025-11-19 00:27:09,0,IN
55,2025-11-19 08:32:13,0,IN
6,2025-11-19 08:50:34,0,IN
19,2025-11-19 08:52:48,0,IN
18,2025-11-19 08:59:22,0,IN
44,2025-11-19 08:59:59,0,IN
21,2025-11-19 09:01:18,0,IN
10,2025-11-19 09:01:23,0,IN
17,2025-11-19 09:04:13,0,IN
11,2025-11-19 09:06:57,0,IN
9,2025-11-19 09:10:40,0,IN
1,2025-11-19 09:15:50,0,IN
8,2025-11-19 09:37:29,0,IN
15,2025-11-19 09:39:38,0,IN
24,2025-11-19 09:39:44,0,IN
7,2025-11-19 09:40:49,0,IN
31,2025-11-19 09:50:42,0,IN
28,2025-11-19 10:28:24,0,IN
31,2025-11-19 19:12:11,0,IN
24,2025-11-19 19:20:51,0,IN
1,2025-11-19 19:27:10,0,IN
11,2025-11-19 19:35:08,0,IN
7,2025-11-19 19:54:17,0,IN
55,2025-11-19 20:00:49,0,IN
15,2025-11-19 20:04:50,0,IN
18,2025-11-19 20:06:12,0,IN
9,2025-11-19 20:10:06,0,IN
28,2025-11-19 21:05:04,0,IN
17,2025-11-19 21:06:59,0,IN
6,2025-11-19 21:07:50,0,IN
44,2025-11-19 21:12:34,0,IN
10,2025-11-19 21:30:42,0,IN
8,2025-11-19 22:04:26,0,IN
21,2025-11-20 00:30:15,0,IN
7,2025-11-20 08:17:53,0,IN
55,2025-11-20 08:30:15,0,IN
19,2025-11-20 08:53:21,0,IN
6,2025-11-20 08:53:48,0,IN
30,2025-11-20 08:56:12,0,IN
44,2025-11-20 08:59:15,0,IN
10,2025-11-20 08:59:23,0,IN
18,2025-11-20 08:59:28,0,IN
21,2025-11-20 08:59:38,0,IN
28,2025-11-20 08:59:45,0,IN
17,2025-11-20 09:01:34,0,IN
2,2025-11-20 09:01:42,0,IN
9,2025-11-20 09:02:33,0,IN
31,2025-11-20 09:03:12,0,IN
8,2025-11-20 09:34:02,0,IN
24,2025-11-20 09:34:27,0,IN
15,2025-11-20 09:52:08,0,IN
1,2025-11-20 09:56:02,0,IN
11,2025-11-20 10:19:09,0,IN
2,2025-11-20 18:44:07,0,IN
31,2025-11-20 18:59:37,0,IN
44,2025-11-20 19:31:29,0,IN
1,2025-11-20 19:41:53,0,IN
24,2025-11-20 19:51:35,0,IN
7,2025-11-20 19:54:10,0,IN
15,2025-11-20 19:58:01,0,IN
55,2025-11-20 20:03:09,0,IN
18,2025-11-20 20:33:34,0,IN
30,2025-11-20 20:35:57,0,IN
19,2025-11-20 20:38:09,0,IN
6,2025-11-20 21:00:41,0,IN
10,2025-11-20 21:01:07,0,IN
28,2025-11-20 21:01:13,0,IN
11,2025-11-20 21:01:29,0,IN
8,2025-11-20 21:08:03,0,IN
17,2025-11-20 21:35:59,0,IN
9,2025-11-20 21:37:45,0,IN
21,2025-11-21 00:30:53,0,IN
7,2025-11-21 08:08:59,0,IN
55,2025-11-21 08:32:08,0,IN
31,2025-11-21 08:46:06,0,IN
18,2025-11-21 08:55:37,0,IN
6,2025-11-21 08:55:45,0,IN
28,2025-11-21 08:59:02,0,IN
30,2025-11-21 08:59:16,0,IN
44,2025-11-21 08:59:34,0,IN
11,2025-11-21 09:00:41,0,IN
8,2025-11-21 09:01:05,0,IN
10,2025-11-21 09:01:16,0,IN
18,2025-11-21 09:01:21,0,IN
19,2025-11-21 09:01:26,0,IN
6,2025-11-21 09:01:32,0,IN
2,2025-11-21 09:04:30,0,IN
21,2025-11-21 09:04:58,0,IN
17,2025-11-21 09:07:48,0,IN
9,2025-11-21 09:09:17,0,IN
24,2025-11-21 09:12:30,0,IN
1,2025-11-21 09:21:38,0,IN
32,2025-11-21 09:21:56,0,IN
15,2025-11-21 09:39:58,0,IN
32,2025-11-21 18:02:32,0,IN
17,2025-11-21 19:09:39,0,IN
30,2025-11-21 19:21:55,0,IN
7,2025-11-21 19:56:20,0,IN
18,2025-11-21 20:00:44,0,IN
55,2025-11-21 20:00:53,0,IN
31,2025-11-21 20:03:03,0,IN
24,2025-11-21 20:03:52,0,IN
15,2025-11-21 20:12:59,0,IN
1,2025-11-21 20:23:54,0,IN
44,2025-11-21 20:33:41,0,IN
19,2025-11-21 20:35:32,0,IN
9,2025-11-21 20:42:35,0,IN
11,2025-11-21 21:00:56,0,IN
2,2025-11-21 21:02:36,0,IN
10,2025-11-21 21:03:50,0,IN
28,2025-11-21 21:04:11,0,IN
8,2025-11-21 21:14:26,0,IN
9,2025-11-21 21:14:41,0,IN
21,2025-11-22 00:26:47,0,IN
30,2025-11-22 05:56:53,0,IN
30,2025-11-22 05:56:56,0,IN
7,2025-11-22 08:04:34,0,IN
55,2025-11-22 08:31:28,0,IN
6,2025-11-22 08:49:27,0,IN
18,2025-11-22 08:54:54,0,IN
19,2025-11-22 08:55:45,0,IN
11,2025-11-22 08:59:02,0,IN
17,2025-11-22 08:59:12,0,IN
28,2025-11-22 08:59:49,0,IN
10,2025-11-22 09:00:35,0,IN
2,2025-11-22 09:06:24,0,IN
21,2025-11-22 09:07:28,0,IN
24,2025-11-22 09:09:29,0,IN
31,2025-11-22 09:12:17,0,IN
32,2025-11-22 09:29:33,0,IN
8,2025-11-22 09:30:39,0,IN
9,2025-11-22 09:48:10,0,IN
15,2025-11-22 10:19:45,0,IN
32,2025-11-22 16:04:37,0,IN
11,2025-11-22 17:35:29,0,IN
24,2025-11-22 18:05:06,0,IN
2,2025-11-22 18:34:43,0,IN
9,2025-11-22 18:36:44,0,IN
7,2025-11-22 19:55:52,0,IN
31,2025-11-22 19:59:23,0,IN
55,2025-11-22 20:01:34,0,IN
15,2025-11-22 20:09:38,0,IN
30,2025-11-22 20:32:10,0,IN
30,2025-11-22 20:32:13,0,IN
19,2025-11-22 20:32:34,0,IN
18,2025-11-22 20:59:03,0,IN
21,2025-11-22 20:59:12,0,IN
6,2025-11-22 20:59:20,0,IN
28,2025-11-22 21:03:07,0,IN
10,2025-11-22 21:04:03,0,IN
8,2025-11-22 21:05:41,0,IN
17,2025-11-22 21:37:42,0,IN
7,2025-11-23 08:14:38,0,IN
30,2025-11-23 08:27:13,0,IN
21,2025-11-23 08:31:40,0,IN
6,2025-11-23 08:42:28,0,IN
19,2025-11-23 08:54:29,0,IN
18,2025-11-23 08:55:39,0,IN
10,2025-11-23 09:00:56,0,IN
28,2025-11-23 09:02:49,0,IN
17,2025-11-23 09:09:06,0,IN
8,2025-11-23 09:59:48,0,IN
30,2025-11-23 13:05:48,0,IN
30,2025-11-23 13:05:52,0,IN
19,2025-11-23 15:59:54,0,IN
18,2025-11-23 17:01:15,0,IN
21,2025-11-23 17:01:42,0,IN
6,2025-11-23 17:29:18,0,IN
10,2025-11-23 17:29:49,0,IN
28,2025-11-23 17:29:59,0,IN
17,2025-11-23 17:30:52,0,IN
12,2025-11-23 17:31:02,0,IN
55,2025-11-24 08:36:47,0,IN
30,2025-11-24 08:53:43,0,IN
6,2025-11-24 08:55:37,0,IN
10,2025-11-24 09:00:20,0,IN
21,2025-11-24 09:00:26,0,IN
19,2025-11-24 09:01:26,0,IN
17,2025-11-24 09:03:34,0,IN
2,2025-11-24 09:05:34,0,IN
9,2025-11-24 09:07:06,0,IN
8,2025-11-24 09:13:48,0,IN
1,2025-11-24 09:21:31,0,IN
18,2025-11-24 09:26:25,0,IN
28,2025-11-24 09:29:43,0,IN
15,2025-11-24 09:42:12,0,IN
24,2025-11-24 10:21:15,0,IN
44,2025-11-24 10:54:23,0,IN
1,2025-11-24 13:29:09,0,IN
9,2025-11-24 18:51:04,0,IN
31,2025-11-24 19:05:44,0,IN
24,2025-11-24 19:21:42,0,IN
18,2025-11-24 19:31:19,0,IN
44,2025-11-24 19:34:00,0,IN
8,2025-11-24 19:57:37,0,IN
7,2025-11-24 19:58:42,0,IN
55,2025-11-24 20:00:48,0,IN
15,2025-11-24 20:03:18,0,IN
19,2025-11-24 20:38:20,0,IN
30,2025-11-24 20:41:08,0,IN
10,2025-11-24 21:02:43,0,IN
28,2025-11-24 21:03:23,0,IN
2,2025-11-24 21:07:58,0,IN
21,2025-11-24 21:31:05,0,IN
17,2025-11-24 21:56:11,0,IN
6,2025-11-24 23:56:03,0,IN
31,2025-11-25 06:55:48,0,IN
8,2025-11-25 07:36:32,0,IN
55,2025-11-25 08:30:40,0,IN
7,2025-11-25 08:37:23,0,IN
11,2025-11-25 08:55:21,0,IN
19,2025-11-25 08:56:58,0,IN
6,2025-11-25 08:57:30,0,IN
30,2025-11-25 08:58:21,0,IN
18,2025-11-25 08:58:40,0,IN
10,2025-11-25 08:59:07,0,IN
28,2025-11-25 09:00:28,0,IN
44,2025-11-25 09:01:22,0,IN
17,2025-11-25 09:04:46,0,IN
9,2025-11-25 09:05:52,0,IN
1,2025-11-25 09:10:00,0,IN
32,2025-11-25 09:10:13,0,IN
2,2025-11-25 09:10:39,0,IN
24,2025-11-25 09:26:53,0,IN
15,2025-11-25 09:31:33,0,IN
21,2025-11-25 09:58:57,0,IN
8,2025-11-25 14:41:34,0,IN
32,2025-11-25 15:43:50,0,IN
30,2025-11-25 17:31:28,0,IN
1,2025-11-25 17:59:30,0,IN
33,2025-11-25 18:02:40,0,IN
33,2025-11-25 18:02:44,0,IN
1,2025-11-25 18:02:53,0,IN
31,2025-11-25 19:01:46,0,IN
9,2025-11-25 19:03:45,0,IN
24,2025-11-25 19:04:18,0,IN
55,2025-11-25 20:00:43,0,IN
18,2025-11-25 20:00:55,0,IN
11,2025-11-25 20:01:16,0,IN
2,2025-11-25 20:08:12,0,IN
15,2025-11-25 20:21:03,0,IN
19,2025-11-25 20:34:14,0,IN
7,2025-11-25 20:51:18,0,IN
33,2025-11-25 20:58:06,0,IN
33,2025-11-25 20:58:10,0,IN
44,2025-11-25 21:00:39,0,IN
28,2025-11-25 21:02:31,0,IN
10,2025-11-25 21:03:07,0,IN
17,2025-11-25 21:23:01,0,IN
21,2025-11-26 01:29:05,0,IN
6,2025-11-26 01:29:15,0,IN
31,2025-11-26 07:01:40,0,IN
8,2025-11-26 07:34:39,0,IN
33,2025-11-26 07:52:34,0,IN
33,2025-11-26 07:52:37,0,IN
7,2025-11-26 07:58:16,0,IN
55,2025-11-26 08:31:14,0,IN
6,2025-11-26 08:54:33,0,IN
19,2025-11-26 08:56:45,0,IN
21,2025-11-26 08:58:09,0,IN
18,2025-11-26 08:59:22,0,IN
28,2025-11-26 08:59:30,0,IN
10,2025-11-26 09:01:59,0,IN
9,2025-11-26 09:02:29,0,IN
44,2025-11-26 09:02:57,0,IN
32,2025-11-26 09:07:28,0,IN
17,2025-11-26 09:22:48,0,IN
11,2025-11-26 09:23:02,0,IN
1,2025-11-26 09:28:01,0,IN
15,2025-11-26 09:30:04,0,IN
24,2025-11-26 09:33:39,0,IN
12,2025-11-26 09:44:44,0,IN
24,2025-11-26 18:00:41,0,IN
8,2025-11-26 19:29:37,0,IN
7,2025-11-26 19:54:08,0,IN
15,2025-11-26 19:58:14,0,IN
18,2025-11-26 20:00:16,0,IN
33,2025-11-26 20:00:24,0,IN
55,2025-11-26 20:01:00,0,IN
31,2025-11-26 20:06:31,0,IN
32,2025-11-26 20:30:37,0,IN
11,2025-11-26 20:30:50,0,IN
19,2025-11-26 20:37:50,0,IN
6,2025-11-26 21:02:30,0,IN
28,2025-11-26 21:02:38,0,IN
44,2025-11-26 21:03:22,0,IN
10,2025-11-26 21:03:58,0,IN
17,2025-11-26 21:48:22,0,IN
12,2025-11-26 23:25:08,0,IN
21,2025-11-27 00:02:59,0,IN
55,2025-11-27 08:31:21,0,IN
8,2025-11-27 08:43:36,0,IN
6,2025-11-27 08:57:52,0,IN
21,2025-11-27 08:59:26,0,IN
18,2025-11-27 08:59:35,0,IN
28,2025-11-27 08:59:42,0,IN
19,2025-11-27 08:59:52,0,IN
11,2025-11-27 09:00:29,0,IN
44,2025-11-27 09:01:16,0,IN
10,2025-11-27 09:01:24,0,IN
2,2025-11-27 09:03:57,0,IN
17,2025-11-27 09:04:04,0,IN
31,2025-11-27 09:04:34,0,IN
9,2025-11-27 09:05:25,0,IN
32,2025-11-27 09:17:57,0,IN
1,2025-11-27 09:21:37,0,IN
24,2025-11-27 09:29:02,0,IN
15,2025-11-27 09:40:58,0,IN
7,2025-11-27 09:43:21,0,IN
18,2025-11-27 15:38:08,0,IN
8,2025-11-27 19:04:21,0,IN
9,2025-11-27 19:15:19,0,IN
24,2025-11-27 19:18:57,0,IN
21,2025-11-27 19:29:12,0,IN
32,2025-11-27 19:30:47,0,IN
31,2025-11-27 19:48:59,0,IN
33,2025-11-27 19:53:43,0,IN
17,2025-11-27 20:01:40,0,IN
55,2025-11-27 20:03:07,0,IN
15,2025-11-27 20:06:42,0,IN
11,2025-11-27 20:29:25,0,IN
19,2025-11-27 20:37:12,0,IN
28,2025-11-27 21:01:03,0,IN
44,2025-11-27 21:01:31,0,IN
6,2025-11-27 21:04:07,0,IN
2,2025-11-27 21:06:44,0,IN
12,2025-11-27 21:33:15,0,IN
31,2025-11-28 06:56:49,0,IN
55,2025-11-28 08:30:12,0,IN
33,2025-11-28 08:33:40,0,IN
30,2025-11-28 08:54:33,0,IN
18,2025-11-28 08:55:45,0,IN
19,2025-11-28 08:57:33,0,IN
28,2025-11-28 08:57:43,0,IN
6,2025-11-28 09:00:04,0,IN
44,2025-11-28 09:01:46,0,IN
2,2025-11-28 09:02:27,0,IN
17,2025-11-28 09:03:48,0,IN
9,2025-11-28 09:09:04,0,IN
8,2025-11-28 09:20:19,0,IN
11,2025-11-28 09:28:07,0,IN
15,2025-11-28 09:37:06,0,IN
1,2025-11-28 09:37:33,0,IN
21,2025-11-28 11:04:45,0,IN
30,2025-11-28 17:35:55,0,IN
11,2025-11-28 19:03:39,0,IN
1,2025-11-28 19:35:12,0,IN
33,2025-11-28 19:54:47,0,IN
33,2025-11-28 19:54:49,0,IN
55,2025-11-28 20:00:57,0,IN
18,2025-11-28 20:02:31,0,IN
31,2025-11-28 20:15:51,0,IN
8,2025-11-28 20:30:30,0,IN
15,2025-11-28 20:33:43,0,IN
28,2025-11-28 21:03:12,0,IN
2,2025-11-28 21:44:57,0,IN
44,2025-11-28 23:28:34,0,IN
10,2025-11-29 01:29:49,0,IN
21,2025-11-29 01:57:46,0,IN
6,2025-11-29 01:57:55,0,IN
19,2025-11-29 05:13:54,0,IN
31,2025-11-29 06:59:55,0,IN
55,2025-11-29 08:30:52,0,IN
30,2025-11-29 08:53:36,0,IN
30,2025-11-29 08:53:40,0,IN
44,2025-11-29 08:56:37,0,IN
17,2025-11-29 08:57:22,0,IN
28,2025-11-29 08:58:25,0,IN
2,2025-11-29 08:58:45,0,IN
11,2025-11-29 09:00:20,0,IN
33,2025-11-29 09:01:03,0,IN
33,2025-11-29 09:01:06,0,IN
18,2025-11-29 09:01:55,0,IN
10,2025-11-29 09:02:00,0,IN
21,2025-11-29 09:02:27,0,IN
32,2025-11-29 09:04:58,0,IN
9,2025-11-29 09:06:37,0,IN
1,2025-11-29 09:09:38,0,IN
15,2025-11-29 09:36:11,0,IN
8,2025-11-29 09:49:25,0,IN
1,2025-11-29 18:52:27,0,IN
1,2025-11-29 18:52:30,0,IN
33,2025-11-29 18:54:36,0,IN
31,2025-11-29 19:22:20,0,IN
31,2025-11-29 19:22:23,0,IN
32,2025-11-29 19:27:57,0,IN
9,2025-11-29 19:29:39,0,IN
8,2025-11-29 19:30:16,0,IN
15,2025-11-29 19:46:05,0,IN
55,2025-11-29 20:07:20,0,IN
18,2025-11-29 20:31:46,0,IN
21,2025-11-29 20:32:34,0,IN
2,2025-11-29 21:00:35,0,IN
17,2025-11-29 21:03:33,0,IN
28,2025-11-29 21:04:02,0,IN
44,2025-11-29 21:04:12,0,IN
30,2025-11-29 21:14:49,0,IN
10,2025-11-29 21:31:52,0,IN
11,2025-11-29 22:01:25,0,IN
30,2025-11-30 06:59:59,0,IN
21,2025-11-30 07:01:39,0,IN
55,2025-11-30 08:30:53,0,IN
18,2025-11-30 08:54:02,0,IN
2,2025-11-30 08:54:13,0,IN
44,2025-11-30 09:00:31,0,IN
28,2025-11-30 09:00:57,0,IN
17,2025-11-30 09:01:05,0,IN
10,2025-11-30 09:04:20,0,IN
30,2025-11-30 09:45:13,0,IN
30,2025-11-30 09:45:17,0,IN
32,2025-11-30 09:51:26,0,IN
33,2025-11-30 10:00:33,0,IN
8,2025-11-30 10:18:01,0,IN
19,2025-11-30 12:34:25,0,IN
2,2025-11-30 13:04:20,0,IN
18,2025-11-30 16:29:54,0,IN
21,2025-11-30 16:30:04,0,IN
55,2025-11-30 16:59:01,0,IN
8,2025-11-30 16:59:27,0,IN
44,2025-11-30 17:29:52,0,IN
28,2025-11-30 17:30:05,0,IN
10,2025-11-30 17:30:48,0,IN
17,2025-11-30 17:34:19,0,IN
7,2025-11-30 21:57:41,0,IN
8,2025-12-01 07:38:19,0,IN
55,2025-12-01 08:30:50,0,IN
33,2025-12-01 08:31:03,0,IN
7,2025-12-01 08:36:21,0,IN
44,2025-12-01 08:58:55,0,IN
28,2025-12-01 09:00:30,0,IN
30,2025-12-01 09:00:55,0,IN
19,2025-12-01 09:01:59,0,IN
10,2025-12-01 09:02:19,0,IN
24,2025-12-01 09:04:49,0,IN
21,2025-12-01 09:05:43,0,IN
32,2025-12-01 09:07:31,0,IN
1,2025-12-01 09:14:36,0,IN
11,2025-12-01 09:30:11,0,IN
15,2025-12-01 09:49:27,0,IN
2,2025-12-01 10:11:17,0,IN
17,2025-12-01 10:11:24,0,IN
19,2025-12-01 10:28:57,0,IN
32,2025-12-01 18:30:39,0,IN
30,2025-12-01 18:40:28,0,IN
1,2025-12-01 19:33:08,0,IN
24,2025-12-01 19:36:49,0,IN
7,2025-12-01 19:53:59,0,IN
15,2025-12-01 19:58:50,0,IN
15,2025-12-01 19:58:53,0,IN
55,2025-12-01 20:02:00,0,IN
44,2025-12-01 20:02:46,0,IN
33,2025-12-01 20:27:21,0,IN
8,2025-12-01 21:01:10,0,IN
2,2025-12-01 21:02:14,0,IN
28,2025-12-01 21:03:40,0,IN
10,2025-12-01 21:04:45,0,IN
18,2025-12-01 21:07:02,0,IN
21,2025-12-01 21:07:20,0,IN
11,2025-12-01 22:06:00,0,IN
33,2025-12-02 07:50:16,0,IN
7,2025-12-02 08:00:01,0,IN
55,2025-12-02 08:30:11,0,IN
30,2025-12-02 08:56:15,0,IN
18,2025-12-02 08:56:25,0,IN
28,2025-12-02 09:00:48,0,IN
10,2025-12-02 09:01:17,0,IN
2,2025-12-02 09:01:28,0,IN
44,2025-12-02 09:02:41,0,IN
9,2025-12-02 09:05:20,0,IN
21,2025-12-02 09:05:51,0,IN
17,2025-12-02 09:05:57,0,IN
32,2025-12-02 09:13:00,0,IN
24,2025-12-02 09:17:22,0,IN
1,2025-12-02 09:17:43,0,IN
11,2025-12-02 09:30:38,0,IN
30,2025-12-02 17:32:34,0,IN
32,2025-12-02 17:59:28,0,IN
11,2025-12-02 17:59:47,0,IN
17,2025-12-02 18:40:24,0,IN
24,2025-12-02 19:01:12,0,IN
21,2025-12-02 19:30:24,0,IN
21,2025-12-02 19:36:01,0,IN
9,2025-12-02 19:40:42,0,IN
1,2025-12-02 19:59:29,0,IN
55,2025-12-02 20:00:57,0,IN
31,2025-12-02 20:02:53,0,IN
2,2025-12-02 20:06:06,0,IN
18,2025-12-02 20:36:05,0,IN
7,2025-12-02 20:49:18,0,IN
33,2025-12-02 21:01:47,0,IN
44,2025-12-02 21:02:43,0,IN
28,2025-12-02 21:03:38,0,IN
10,2025-12-02 22:01:23,0,IN
21,2025-12-02 23:59:26,0,IN
7,2025-12-03 08:08:09,0,IN
33,2025-12-03 08:10:50,0,IN
55,2025-12-03 08:29:20,0,IN
18,2025-12-03 08:54:03,0,IN
30,2025-12-03 08:54:26,0,IN
30,2025-12-03 08:54:29,0,IN
32,2025-12-03 08:57:30,0,IN
17,2025-12-03 08:57:42,0,IN
2,2025-12-03 08:57:48,0,IN
24,2025-12-03 08:57:55,0,IN
19,2025-12-03 09:01:44,0,IN
10,2025-12-03 09:01:57,0,IN
44,2025-12-03 09:03:49,0,IN
9,2025-12-03 09:14:16,0,IN
8,2025-12-03 09:15:29,0,IN
1,2025-12-03 09:25:40,0,IN
30,2025-12-03 12:41:23,0,IN
6,2025-12-03 13:08:36,0,IN
32,2025-12-03 17:32:29,0,IN
6,2025-12-03 18:03:07,0,IN
55,2025-12-03 18:04:16,0,IN
2,2025-12-03 18:35:04,0,IN
24,2025-12-03 19:25:01,0,IN
1,2025-12-03 19:28:07,0,IN
31,2025-12-03 19:37:00,0,IN
7,2025-12-03 19:57:32,0,IN
8,2025-12-03 19:57:49,0,IN
33,2025-12-03 20:05:25,0,IN
33,2025-12-03 20:05:28,0,IN
44,2025-12-03 20:30:18,0,IN
19,2025-12-03 20:38:14,0,IN
17,2025-12-03 21:01:48,0,IN
10,2025-12-03 21:02:03,0,IN
12,2025-12-03 21:50:32,0,IN
31,2025-12-04 06:28:09,0,IN
55,2025-12-04 08:29:50,0,IN
30,2025-12-04 08:54:29,0,IN
18,2025-12-04 08:56:54,0,IN
19,2025-12-04 08:58:06,0,IN
6,2025-12-04 08:58:36,0,IN
28,2025-12-04 08:59:05,0,IN
17,2025-12-04 08:59:41,0,IN
10,2025-12-04 09:00:37,0,IN
21,2025-12-04 09:01:16,0,IN
9,2025-12-04 09:10:32,0,IN
1,2025-12-04 09:16:29,0,IN
24,2025-12-04 09:18:51,0,IN
8,2025-12-04 09:19:22,0,IN
32,2025-12-04 09:25:19,0,IN
2,2025-12-04 10:01:16,0,IN
32,2025-12-04 16:00:13,0,IN
24,2025-12-04 19:25:11,0,IN
31,2025-12-04 19:27:35,0,IN
1,2025-12-04 19:30:09,0,IN
18,2025-12-04 19:32:54,0,IN
8,2025-12-04 19:34:04,0,IN
33,2025-12-04 19:47:49,0,IN
33,2025-12-04 19:47:53,0,IN
55,2025-12-04 20:01:00,0,IN
7,2025-12-04 20:12:55,0,IN
9,2025-12-04 20:20:44,0,IN
30,2025-12-04 20:36:17,0,IN
2,2025-12-04 21:05:15,0,IN
6,2025-12-04 21:05:41,0,IN
17,2025-12-04 21:28:00,0,IN
21,2025-12-05 00:59:59,0,IN
28,2025-12-05 01:00:53,0,IN
10,2025-12-05 01:01:48,0,IN
31,2025-12-05 06:27:35,0,IN
7,2025-12-05 07:56:09,0,IN
33,2025-12-05 08:04:46,0,IN
55,2025-12-05 08:30:19,0,IN
6,2025-12-05 08:39:41,0,IN
44,2025-12-05 08:59:27,0,IN
30,2025-12-05 08:59:50,0,IN
18,2025-12-05 08:59:58,0,IN
24,2025-12-05 09:00:14,0,IN
28,2025-12-05 09:00:20,0,IN
2,2025-12-05 09:01:57,0,IN
17,2025-12-05 09:02:07,0,IN
21,2025-12-05 09:03:01,0,IN
10,2025-12-05 09:03:13,0,IN
9,2025-12-05 09:03:22,0,IN
19,2025-12-05 09:04:08,0,IN
1,2025-12-05 09:10:54,0,IN
12,2025-12-05 11:51:19,0,IN
11,2025-12-05 14:31:14,0,IN
2,2025-12-05 18:07:16,0,IN
24,2025-12-05 19:11:44,0,IN
1,2025-12-05 19:28:57,0,IN
31,2025-12-05 19:42:40,0,IN
33,2025-12-05 19:49:07,0,IN
55,2025-12-05 20:00:22,0,IN
7,2025-12-05 20:08:06,0,IN
9,2025-12-05 20:12:16,0,IN
9,2025-12-05 20:12:19,0,IN
11,2025-12-05 20:29:07,0,IN
18,2025-12-05 20:32:50,0,IN
30,2025-12-05 20:38:23,0,IN
21,2025-12-05 21:00:55,0,IN
44,2025-12-05 21:01:05,0,IN
6,2025-12-05 21:01:25,0,IN
28,2025-12-05 21:03:24,0,IN
17,2025-12-05 21:08:59,0,IN
12,2025-12-05 21:58:16,0,IN
10,2025-12-05 21:59:17,0,IN
31,2025-12-06 08:00:17,0,IN
33,2025-12-06 08:10:45,0,IN
55,2025-12-06 08:31:21,0,IN
30,2025-12-06 08:52:56,0,IN
6,2025-12-06 08:55:18,0,IN
44,2025-12-06 08:58:41,0,IN
28,2025-12-06 08:59:07,0,IN
19,2025-12-06 09:00:30,0,IN
19,2025-12-06 09:00:32,0,IN
2,2025-12-06 09:01:38,0,IN
17,2025-12-06 09:02:06,0,IN
8,2025-12-06 09:02:57,0,IN
10,2025-12-06 09:03:40,0,IN
21,2025-12-06 09:04:04,0,IN
11,2025-12-06 09:04:14,0,IN
24,2025-12-06 09:12:53,0,IN
1,2025-12-06 09:16:57,0,IN
9,2025-12-06 09:17:51,0,IN
18,2025-12-06 09:30:11,0,IN
4,2025-12-06 09:32:27,0,IN
18,2025-12-06 19:33:48,0,IN
24,2025-12-06 19:37:49,0,IN
33,2025-12-06 19:48:36,0,IN
55,2025-12-06 20:02:12,0,IN
9,2025-12-06 20:04:59,0,IN
9,2025-12-06 20:05:03,0,IN
1,2025-12-06 20:23:26,0,IN
11,2025-12-06 20:30:46,0,IN
30,2025-12-06 20:39:07,0,IN
8,2025-12-06 20:58:10,0,IN
44,2025-12-06 21:03:05,0,IN
4,2025-12-06 21:03:22,0,IN
7,2025-12-06 21:03:46,0,IN
6,2025-12-06 21:04:15,0,IN
17,2025-12-06 21:47:12,0,IN
31,2025-12-06 22:48:39,0,IN
21,2025-12-07 00:39:02,0,IN
10,2025-12-07 01:01:14,0,IN
28,2025-12-07 01:01:38,0,IN
31,2025-12-07 06:59:01,0,IN
7,2025-12-07 07:55:40,0,IN
33,2025-12-07 08:00:29,0,IN
6,2025-12-07 08:52:12,0,IN
21,2025-12-07 08:58:16,0,IN
28,2025-12-07 09:00:27,0,IN
44,2025-12-07 09:00:59,0,IN
10,2025-12-07 09:04:01,0,IN
4,2025-12-07 09:05:55,0,IN
19,2025-12-07 09:27:12,0,IN
8,2025-12-07 09:38:22,0,IN
18,2025-12-07 09:38:27,0,IN
17,2025-12-07 13:30:11,0,IN
2,2025-12-07 14:14:36,0,IN
18,2025-12-07 16:31:24,0,IN
21,2025-12-07 16:32:21,0,IN
8,2025-12-07 16:35:08,0,IN
7,2025-12-07 17:08:12,0,IN
44,2025-12-07 17:29:49,0,IN
28,2025-12-07 17:30:27,0,IN
10,2025-12-07 17:30:35,0,IN
17,2025-12-07 17:30:40,0,IN
6,2025-12-07 17:31:10,0,IN
4,2025-12-07 17:31:44,0,IN
2,2025-12-07 17:31:51,0,IN
12,2025-12-07 17:32:09,0,IN
55,2025-12-08 08:42:05,0,IN
7,2025-12-08 08:54:11,0,IN
30,2025-12-08 08:54:52,0,IN
6,2025-12-08 08:55:21,0,IN
17,2025-12-08 08:58:35,0,IN
44,2025-12-08 08:58:49,0,IN
19,2025-12-08 09:00:19,0,IN
10,2025-12-08 09:00:26,0,IN
2,2025-12-08 09:02:05,0,IN
18,2025-12-08 09:04:00,0,IN
21,2025-12-08 09:04:06,0,IN
32,2025-12-08 09:06:19,0,IN
4,2025-12-08 09:07:12,0,IN
28,2025-12-08 09:24:23,0,IN
8,2025-12-08 09:50:24,0,IN
11,2025-12-08 10:21:55,0,IN
32,2025-12-08 18:28:29,0,IN
4,2025-12-08 19:37:47,0,IN
33,2025-12-08 19:49:44,0,IN
33,2025-12-08 19:49:47,0,IN
55,2025-12-08 20:02:34,0,IN
18,2025-12-08 20:06:51,0,IN
30,2025-12-08 20:36:05,0,IN
19,2025-12-08 20:38:56,0,IN
7,2025-12-08 20:40:05,0,IN
6,2025-12-08 21:02:06,0,IN
44,2025-12-08 21:03:30,0,IN
28,2025-12-08 21:04:28,0,IN
10,2025-12-08 21:04:39,0,IN
21,2025-12-08 21:10:00,0,IN
2,2025-12-08 21:24:24,0,IN
8,2025-12-08 21:25:42,0,IN
17,2025-12-09 01:11:54,0,IN
7,2025-12-09 07:56:03,0,IN
33,2025-12-09 08:07:11,0,IN
55,2025-12-09 08:33:11,0,IN
19,2025-12-09 08:54:40,0,IN
30,2025-12-09 08:55:02,0,IN
6,2025-12-09 08:56:23,0,IN
28,2025-12-09 08:59:56,0,IN
17,2025-12-09 09:01:03,0,IN
2,2025-12-09 09:01:31,0,IN
44,2025-12-09 09:02:10,0,IN
18,2025-12-09 09:02:34,0,IN
10,2025-12-09 09:02:46,0,IN
12,2025-12-09 09:02:52,0,IN
26,2025-12-09 09:03:08,0,IN
21,2025-12-09 09:03:39,0,IN
9,2025-12-09 09:04:45,0,IN
32,2025-12-09 09:11:09,0,IN
11,2025-12-09 09:28:03,0,IN
4,2025-12-09 09:33:49,0,IN
8,2025-12-09 09:36:57,0,IN
18,2025-12-09 13:34:13,0,IN
30,2025-12-09 17:30:36,0,IN
2,2025-12-09 18:07:46,0,IN
9,2025-12-09 18:57:12,0,IN
32,2025-12-09 19:00:48,0,IN
11,2025-12-09 19:03:43,0,IN
9,2025-12-09 19:09:39,0,IN
33,2025-12-09 19:53:11,0,IN
33,2025-12-09 19:53:15,0,IN
55,2025-12-09 20:00:45,0,IN
26,2025-12-09 20:03:32,0,IN
4,2025-12-09 20:33:58,0,IN
7,2025-12-09 20:43:28,0,IN
6,2025-12-09 20:59:23,0,IN
21,2025-12-09 20:59:44,0,IN
10,2025-12-09 21:02:56,0,IN
28,2025-12-09 21:03:04,0,IN
44,2025-12-09 21:04:06,0,IN
8,2025-12-09 21:13:44,0,IN
17,2025-12-09 21:28:41,0,IN
7,2025-12-10 07:57:20,0,IN
33,2025-12-10 08:07:45,0,IN
55,2025-12-10 08:28:10,0,IN
32,2025-12-10 08:54:08,0,IN
9,2025-12-10 08:58:27,0,IN
28,2025-12-10 08:59:08,0,IN
30,2025-12-10 08:59:30,0,IN
24,2025-12-10 08:59:38,0,IN
18,2025-12-10 09:00:42,0,IN
26,2025-12-10 09:01:00,0,IN
21,2025-12-10 09:01:11,0,IN
10,2025-12-10 09:02:11,0,IN
6,2025-12-10 09:02:36,0,IN
17,2025-12-10 09:04:01,0,IN
44,2025-12-10 09:04:17,0,IN
4,2025-12-10 09:05:35,0,IN
12,2025-12-10 09:29:48,0,IN
8,2025-12-10 09:35:36,0,IN
32,2025-12-10 18:39:01,0,IN
26,2025-12-10 19:05:58,0,IN
24,2025-12-10 19:18:50,0,IN
18,2025-12-10 19:30:12,0,IN
33,2025-12-10 19:51:36,0,IN
55,2025-12-10 20:01:32,0,IN
1,2025-12-10 20:20:57,0,IN
7,2025-12-10 20:21:46,0,IN
4,2025-12-10 20:33:18,0,IN
30,2025-12-10 20:40:02,0,IN
21,2025-12-10 21:01:40,0,IN
44,2025-12-10 21:02:44,0,IN
6,2025-12-10 21:03:20,0,IN
28,2025-12-10 21:03:28,0,IN
17,2025-12-10 21:04:41,0,IN
8,2025-12-10 21:24:59,0,IN
10,2025-12-10 21:30:43,0,IN
33,2025-12-11 08:07:34,0,IN
33,2025-12-11 08:07:37,0,IN
55,2025-12-11 08:30:07,0,IN
30,2025-12-11 08:58:37,0,IN
6,2025-12-11 08:58:56,0,IN
19,2025-12-11 08:59:24,0,IN
18,2025-12-11 08:59:39,0,IN
26,2025-12-11 08:59:50,0,IN
24,2025-12-11 09:00:30,0,IN
10,2025-12-11 09:01:10,0,IN
44,2025-12-11 09:02:01,0,IN
21,2025-12-11 09:02:11,0,IN
28,2025-12-11 09:04:08,0,IN
2,2025-12-11 09:05:32,0,IN
17,2025-12-11 09:05:40,0,IN
32,2025-12-11 09:10:55,0,IN
1,2025-12-11 09:23:23,0,IN
4,2025-12-11 09:34:09,0,IN
4,2025-12-11 18:11:33,0,IN
24,2025-12-11 19:38:28,0,IN
1,2025-12-11 19:39:53,0,IN
33,2025-12-11 19:52:34,0,IN
18,2025-12-11 20:00:16,0,IN
26,2025-12-11 20:00:46,0,IN
21,2025-12-11 20:00:56,0,IN
55,2025-12-11 20:01:04,0,IN
30,2025-12-11 20:36:29,0,IN
2,2025-12-11 21:03:52,0,IN
10,2025-12-11 21:04:55,0,IN
28,2025-12-11 21:05:20,0,IN
17,2025-12-11 21:05:54,0,IN
7,2025-12-11 21:09:55,0,IN
6,2025-12-11 21:10:05,0,IN
8,2025-12-11 21:25:02,0,IN
44,2025-12-11 21:28:21,0,IN
7,2025-12-12 07:58:08,0,IN
33,2025-12-12 08:05:17,0,IN
30,2025-12-12 08:56:17,0,IN
17,2025-12-12 08:59:08,0,IN
2,2025-12-12 08:59:18,0,IN
10,2025-12-12 08:59:29,0,IN
18,2025-12-12 08:59:35,0,IN
6,2025-12-12 08:59:44,0,IN
26,2025-12-12 08:59:56,0,IN
28,2025-12-12 09:01:40,0,IN
19,2025-12-12 09:02:35,0,IN
4,2025-12-12 09:05:52,0,IN
24,2025-12-12 09:06:01,0,IN
21,2025-12-12 09:08:14,0,IN
32,2025-12-12 09:15:29,0,IN
8,2025-12-12 09:37:50,0,IN
9,2025-12-12 10:08:37,0,IN
55,2025-12-12 13:47:05,0,IN
21,2025-12-12 14:30:40,0,IN
32,2025-12-12 18:37:04,0,IN
24,2025-12-12 19:01:23,0,IN
9,2025-12-12 19:41:10,0,IN
33,2025-12-12 19:52:52,0,IN
55,2025-12-12 20:01:52,0,IN
18,2025-12-12 20:02:45,0,IN
26,2025-12-12 20:02:50,0,IN
6,2025-12-12 20:03:27,0,IN
7,2025-12-12 20:25:48,0,IN
30,2025-12-12 20:30:44,0,IN
4,2025-12-12 20:40:55,0,IN
8,2025-12-12 20:42:53,0,IN
28,2025-12-12 21:04:00,0,IN
17,2025-12-12 21:05:15,0,IN
10,2025-12-12 21:35:49,0,IN
12,2025-12-12 22:14:52,0,IN
2,2025-12-13 01:13:00,0,IN
8,2025-12-13 07:58:43,0,IN
33,2025-12-13 08:07:21,0,IN
55,2025-12-13 08:30:20,0,IN
6,2025-12-13 08:56:00,0,IN
18,2025-12-13 08:56:12,0,IN
26,2025-12-13 08:56:24,0,IN
21,2025-12-13 08:58:17,0,IN
44,2025-12-13 09:00:23,0,IN
28,2025-12-13 09:00:31,0,IN
17,2025-12-13 09:01:48,0,IN
10,2025-12-13 09:04:05,0,IN
10,2025-12-13 09:04:08,0,IN
19,2025-12-13 09:04:29,0,IN
4,2025-12-13 09:05:03,0,IN
1,2025-12-13 09:13:22,0,IN
1,2025-12-13 09:13:25,0,IN
9,2025-12-13 09:15:11,0,IN
2,2025-12-13 09:20:08,0,IN
11,2025-12-13 09:30:31,0,IN
24,2025-12-13 09:30:39,0,IN
10,2025-12-13 19:05:52,0,IN
28,2025-12-13 19:08:50,0,IN
1,2025-12-13 19:36:04,0,IN
24,2025-12-13 19:40:41,0,IN
33,2025-12-13 19:56:25,0,IN
55,2025-12-13 20:02:35,0,IN
7,2025-12-13 20:12:55,0,IN
21,2025-12-13 20:31:31,0,IN
44,2025-12-13 20:34:51,0,IN
4,2025-12-13 20:38:28,0,IN
12,2025-12-13 20:46:08,0,IN
2,2025-12-13 20:46:55,0,IN
9,2025-12-13 21:01:11,0,IN
17,2025-12-13 21:07:42,0,IN
8,2025-12-13 21:14:22,0,IN
11,2025-12-13 22:31:15,0,IN
6,2025-12-13 22:33:03,0,IN
26,2025-12-14 01:12:02,0,IN
18,2025-12-14 01:12:33,0,IN
21,2025-12-14 07:03:52,0,IN
55,2025-12-14 08:28:31,0,IN
6,2025-12-14 08:55:20,0,IN
19,2025-12-14 08:58:11,0,IN
7,2025-12-14 08:59:48,0,IN
44,2025-12-14 09:01:51,0,IN
2,2025-12-14 09:07:18,0,IN
17,2025-12-14 09:08:17,0,IN
33,2025-12-14 09:14:55,0,IN
10,2025-12-14 09:28:25,0,IN
4,2025-12-14 09:32:47,0,IN
11,2025-12-14 09:54:02,0,IN
8,2025-12-14 11:08:54,0,IN
32,2025-12-14 11:23:35,0,IN
26,2025-12-14 11:29:57,0,IN
10,2025-12-14 12:02:09,0,IN
10,2025-12-14 13:33:15,0,IN
11,2025-12-14 14:31:08,0,IN
4,2025-12-14 16:36:04,0,IN
21,2025-12-14 17:30:12,0,IN
55,2025-12-14 17:30:50,0,IN
44,2025-12-14 17:31:13,0,IN
2,2025-12-14 17:35:51,0,IN
17,2025-12-14 17:36:54,0,IN
7,2025-12-14 17:37:49,0,IN
6,2025-12-14 17:38:43,0,IN
32,2025-12-14 19:11:19,0,IN
26,2025-12-14 19:11:26,0,IN
12,2025-12-14 19:11:58,0,IN
26,2025-12-15 07:49:02,0,IN
6,2025-12-15 08:51:50,0,IN
7,2025-12-15 08:56:29,0,IN
28,2025-12-15 08:59:39,0,IN
17,2025-12-15 09:00:14,0,IN
30,2025-12-15 09:00:37,0,IN
44,2025-12-15 09:01:01,0,IN
21,2025-12-15 09:02:09,0,IN
11,2025-12-15 09:02:18,0,IN
9,2025-12-15 09:02:26,0,IN
4,2025-12-15 09:03:20,0,IN
10,2025-12-15 09:06:16,0,IN
24,2025-12-15 09:08:17,0,IN
2,2025-12-15 09:15:35,0,IN
32,2025-12-15 09:37:59,0,IN
28,2025-12-15 13:01:10,0,IN
9999,2025-12-15 14:27:20,4,Unknown
9999,2025-12-15 14:28:03,0,IN
9999,2025-12-15 16:19:22,0,IN
9999,2025-12-15 16:19:58,0,IN
9999,2025-12-15 16:21:38,0,IN
9999,2025-12-15 16:21:57,0,IN
9999,2025-12-15 17:15:10,0,IN
9999,2025-12-15 17:15:47,0,IN
9999,2025-12-15 17:15:57,0,IN
24,2025-12-15 18:21:20,0,IN
33,2025-12-15 19:56:09,0,IN
11,2025-12-15 19:59:27,0,IN
7,2025-12-15 20:10:11,0,IN
32,2025-12-15 20:29:09,0,IN
4,2025-12-15 20:32:39,0,IN
30,2025-12-15 20:34:32,0,IN
2,2025-12-15 20:35:01,0,IN
6,2025-12-15 20:37:45,0,IN
26,2025-12-15 20:39:33,0,IN
8,2025-12-15 21:08:42,0,IN
9,2025-12-15 21:09:43,0,IN
17,2025-12-15 21:43:24,0,IN
12,2025-12-15 21:57:33,0,IN
44,2025-12-15 22:36:05,0,IN
21,2025-12-16 00:35:23,0,IN
10,2025-12-16 00:36:09,0,IN
7,2025-12-16 08:20:51,0,IN
33,2025-12-16 08:28:11,0,IN
33,2025-12-16 08:28:14,0,IN
6,2025-12-16 08:55:06,0,IN
30,2025-12-16 08:55:57,0,IN
18,2025-12-16 08:57:45,0,IN
26,2025-12-16 08:57:52,0,IN
2,2025-12-16 08:59:47,0,IN
19,2025-12-16 09:00:03,0,IN
17,2025-12-16 09:00:53,0,IN
11,2025-12-16 09:01:36,0,IN
32,2025-12-16 09:02:34,0,IN
21,2025-12-16 09:02:44,0,IN
4,2025-12-16 09:02:56,0,IN
9,2025-12-16 09:04:27,0,IN
1,2025-12-16 09:20:35,0,IN
15,2025-12-16 09:23:36,0,IN
8,2025-12-16 10:04:10,0,IN
10,2025-12-16 11:29:07,0,IN
2,2025-12-16 17:33:08,0,IN
18,2025-12-16 19:30:44,0,IN
30,2025-12-16 19:34:43,0,IN
30,2025-12-16 19:34:47,0,IN
1,2025-12-16 19:46:25,0,IN
9,2025-12-16 19:48:22,0,IN
9,2025-12-16 19:48:27,0,IN
33,2025-12-16 19:52:26,0,IN
15,2025-12-16 19:58:41,0,IN
7,2025-12-16 19:58:56,0,IN
17,2025-12-16 20:04:21,0,IN
8,2025-12-16 21:10:43,0,IN
10,2025-12-16 21:30:30,0,IN
4,2025-12-17 00:08:01,0,IN
6,2025-12-17 01:56:11,0,IN
11,2025-12-17 01:56:26,0,IN
21,2025-12-17 01:59:57,0,IN
26,2025-12-17 07:54:38,0,IN
32,2025-12-17 07:54:48,0,IN
17,2025-12-17 07:57:58,0,IN
7,2025-12-17 07:58:19,0,IN
33,2025-12-17 08:08:26,0,IN
30,2025-12-17 08:54:28,0,IN
6,2025-12-17 08:58:48,0,IN
44,2025-12-17 09:00:12,0,IN
10,2025-12-17 09:00:19,0,IN
2,2025-12-17 09:02:27,0,IN
4,2025-12-17 09:04:16,0,IN
21,2025-12-17 09:06:30,0,IN
9,2025-12-17 09:08:07,0,IN
1,2025-12-17 09:14:11,0,IN
24,2025-12-17 09:51:05,0,IN
8,2025-12-17 10:00:48,0,IN
15,2025-12-17 10:03:56,0,IN
12,2025-12-17 11:37:52,0,IN
11,2025-12-17 12:29:59,0,IN
30,2025-12-17 14:40:59,0,IN
26,2025-12-17 19:22:38,0,IN
4,2025-12-17 19:41:02,0,IN
33,2025-12-17 19:51:34,0,IN
24,2025-12-17 19:53:10,0,IN
1,2025-12-17 20:05:45,0,IN
15,2025-12-17 20:13:46,0,IN
9,2025-12-17 20:18:10,0,IN
18,2025-12-17 20:30:16,0,IN
21,2025-12-17 20:30:22,0,IN
7,2025-12-17 20:56:52,0,IN
11,2025-12-17 21:04:15,0,IN
44,2025-12-17 21:09:43,0,IN
6,2025-12-17 21:19:25,0,IN
8,2025-12-17 21:32:24,0,IN
2,2025-12-17 21:41:12,0,IN
10,2025-12-18 01:33:12,0,IN
26,2025-12-18 04:36:19,0,IN
17,2025-12-18 06:10:55,0,IN
7,2025-12-18 08:01:46,0,IN
33,2025-12-18 08:12:01,0,IN
33,2025-12-18 08:12:04,0,IN
19,2025-12-18 08:52:39,0,IN
24,2025-12-18 08:55:07,0,IN
30,2025-12-18 08:55:28,0,IN
26,2025-12-18 08:55:39,0,IN
18,2025-12-18 08:56:45,0,IN
44,2025-12-18 08:59:07,0,IN
6,2025-12-18 09:02:40,0,IN
10,2025-12-18 09:02:49,0,IN
9,2025-12-18 09:03:02,0,IN
2,2025-12-18 09:04:29,0,IN
21,2025-12-18 09:06:10,0,IN
4,2025-12-18 09:06:20,0,IN
1,2025-12-18 09:24:36,0,IN
11,2025-12-18 09:28:00,0,IN
15,2025-12-18 09:29:58,0,IN
32,2025-12-18 09:36:20,0,IN
8,2025-12-18 10:30:16,0,IN
17,2025-12-18 13:31:14,0,IN
1,2025-12-18 18:21:36,0,IN
18,2025-12-18 19:03:25,0,IN
4,2025-12-18 19:05:04,0,IN
33,2025-12-18 19:57:01,0,IN
33,2025-12-18 19:57:04,0,IN
24,2025-12-18 20:01:26,0,IN
15,2025-12-18 20:14:26,0,IN
30,2025-12-18 20:33:04,0,IN
7,2025-12-18 20:57:40,0,IN
8,2025-12-18 21:03:15,0,IN
6,2025-12-18 21:12:57,0,IN
26,2025-12-18 21:28:21,0,IN
12,2025-12-18 21:28:36,0,IN
2,2025-12-18 21:29:30,0,IN
21,2025-12-18 21:29:54,0,IN
10,2025-12-18 21:30:24,0,IN
32,2025-12-18 21:33:27,0,IN
11,2025-12-18 21:34:45,0,IN
17,2025-12-18 21:35:24,0,IN
9,2025-12-18 21:38:12,0,IN
44,2025-12-19 00:01:14,0,IN
7,2025-12-19 08:00:21,0,IN
7,2025-12-19 08:14:22,0,IN
30,2025-12-19 08:53:01,0,IN
17,2025-12-19 08:54:04,0,IN
18,2025-12-19 08:58:23,0,IN
26,2025-12-19 08:58:29,0,IN
6,2025-12-19 09:01:26,0,IN
15,2025-12-19 09:02:18,0,IN
24,2025-12-19 09:03:14,0,IN
21,2025-12-19 09:04:00,0,IN
4,2025-12-19 09:05:02,0,IN
9,2025-12-19 09:05:10,0,IN
10,2025-12-19 09:06:27,0,IN
8,2025-12-19 09:06:52,0,IN
33,2025-12-19 09:07:41,0,IN
33,2025-12-19 09:07:44,0,IN
1,2025-12-19 09:24:02,0,IN
32,2025-12-19 10:31:18,0,IN
2,2025-12-19 10:34:43,0,IN
11,2025-12-19 11:56:07,0,IN
44,2025-12-19 11:56:34,0,IN
26,2025-12-19 13:13:37,0,IN
1,2025-12-19 19:38:33,0,IN
24,2025-12-19 19:40:24,0,IN
15,2025-12-19 19:45:50,0,IN
9,2025-12-19 20:26:18,0,IN
9,2025-12-19 20:28:25,0,IN
9,2025-12-19 20:29:28,0,IN
18,2025-12-19 20:30:04,0,IN
9,2025-12-19 20:30:34,0,IN
9,2025-12-19 20:31:09,0,IN
9,2025-12-19 20:31:13,0,IN
30,2025-12-19 20:34:46,0,IN
30,2025-12-19 20:35:53,0,IN
30,2025-12-19 20:36:33,0,IN
4,2025-12-19 20:37:40,0,IN
4,2025-12-19 20:38:09,0,IN
11,2025-12-19 21:03:15,0,IN
10,2025-12-19 21:03:58,0,IN
20,2025-12-19 21:04:08,0,IN
20,2025-12-19 21:04:11,0,IN
44,2025-12-19 21:05:50,0,IN
2,2025-12-19 21:07:10,0,IN
44,2025-12-19 21:08:35,0,IN
1,2025-12-19 19:38:33,0,IN
24,2025-12-19 19:40:24,0,IN
15,2025-12-19 19:45:50,0,IN
9,2025-12-19 20:26:18,0,IN
9,2025-12-19 20:28:25,0,IN
9,2025-12-19 20:29:28,0,IN
18,2025-12-19 20:30:04,0,IN
9,2025-12-19 20:30:34,0,IN
9,2025-12-19 20:31:09,0,IN
9,2025-12-19 20:31:13,0,IN
30,2025-12-19 20:34:46,0,IN
30,2025-12-19 20:35:53,0,IN
30,2025-12-19 20:36:33,0,IN
4,2025-12-19 20:37:40,0,IN
4,2025-12-19 20:38:09,0,IN
11,2025-12-19 21:03:15,0,IN
10,2025-12-19 21:03:58,0,IN
20,2025-12-19 21:04:08,0,IN
20,2025-12-19 21:04:11,0,IN
44,2025-12-19 21:05:50,0,IN
2,2025-12-19 21:07:10,0,IN
44,2025-12-19 21:08:35,0,IN
8,2025-12-19 21:10:43,0,IN
17,2025-12-19 21:51:14,0,IN
6,2025-12-19 21:59:36,0,IN
32,2025-12-19 22:01:28,0,IN
20,2025-12-19 22:12:16,0,IN
33,2025-12-20 07:56:40,0,IN
8,2025-12-20 08:07:36,0,IN
7,2025-12-20 08:14:33,0,IN
6,2025-12-20 08:45:29,0,IN
24,2025-12-20 08:53:53,0,IN
18,2025-12-20 08:55:24,0,IN
30,2025-12-20 08:56:16,0,IN
11,2025-12-20 08:56:44,0,IN
17,2025-12-20 08:57:48,0,IN
10,2025-12-20 09:02:17,0,IN
9,2025-12-20 09:05:15,0,IN
4,2025-12-20 09:05:40,0,IN
1,2025-12-20 09:09:06,0,IN
2,2025-12-20 09:23:34,0,IN
15,2025-12-20 09:31:25,0,IN
20,2025-12-20 13:43:39,0,IN
1,2025-12-19 19:38:33,0,IN
24,2025-12-19 19:40:24,0,IN
15,2025-12-19 19:45:50,0,IN
9,2025-12-19 20:26:18,0,IN
9,2025-12-19 20:28:25,0,IN
9,2025-12-19 20:29:28,0,IN
18,2025-12-19 20:30:04,0,IN
9,2025-12-19 20:30:34,0,IN
9,2025-12-19 20:31:09,0,IN
9,2025-12-19 20:31:13,0,IN
30,2025-12-19 20:34:46,0,IN
30,2025-12-19 20:35:53,0,IN
30,2025-12-19 20:36:33,0,IN
4,2025-12-19 20:37:40,0,IN
4,2025-12-19 20:38:09,0,IN
11,2025-12-19 21:03:15,0,IN
10,2025-12-19 21:03:58,0,IN
20,2025-12-19 21:04:08,0,IN
20,2025-12-19 21:04:11,0,IN
44,2025-12-19 21:05:50,0,IN
2,2025-12-19 21:07:10,0,IN
44,2025-12-19 21:08:35,0,IN
8,2025-12-19 21:10:43,0,IN
17,2025-12-19 21:51:14,0,IN
6,2025-12-19 21:59:36,0,IN
32,2025-12-19 22:01:28,0,IN
20,2025-12-19 22:12:16,0,IN
33,2025-12-20 07:56:40,0,IN
8,2025-12-20 08:07:36,0,IN
7,2025-12-20 08:14:33,0,IN
6,2025-12-20 08:45:29,0,IN
24,2025-12-20 08:53:53,0,IN
18,2025-12-20 08:55:24,0,IN
30,2025-12-20 08:56:16,0,IN
11,2025-12-20 08:56:44,0,IN
17,2025-12-20 08:57:48,0,IN
10,2025-12-20 09:02:17,0,IN
9,2025-12-20 09:05:15,0,IN
4,2025-12-20 09:05:40,0,IN
1,2025-12-20 09:09:06,0,IN
2,2025-12-20 09:23:34,0,IN
15,2025-12-20 09:31:25,0,IN
20,2025-12-20 13:43:39,0,IN
